UPC,ASIN,Description,Channel,Cost,Sell Price,Referral Fee,Fulfillment Fee,Profit/Unit,Margin %,ROI %,Units/mo,BSR,Amazon Buy Box,Verdict
8717163617694,B01N9EP91J,Cif cleaner cream 750 ml Original 60/pt 14/cs,FBA,0.1786,85.82,12.87,7.17,65.1,75.9,9593.0,0,0,False,marginal
062338911120,B01IAIQKY8,Air Wick Plug in Scented Oil Refill 2 ct Wite Flowers & Melon SummerD elights Air Freshener 2x.67oz. 217/pt,FBA,0.75,73.14,10.97,7.5,53.42,73.0,4273.5,0,0,False,marginal
017000169163,B07TWNQLZV,Dial Body Wash 16oz Pamper & indulge Manuka Honey 240/pt 6/cs,FBA,0.5417,69.63,10.44,8.89,49.25,70.7,4728.2,0,0,False,marginal
022600730729,B01IA9939Q,"ARRID XX Anti-Perspirant Deodorant Ultra Clear Dry Spray, Regular 6 oz1 25/pt 12/cs",FBA,0.3542,47.38,7.11,4.45,34.97,73.8,4093.7,0,369206,False,marginal
079400017437,B01IADVK8O,Degree Deodorant Sexy Intrigue 2.6oz 252/pt 12/cs,FBA,0.2917,47.5,7.12,7.3,32.28,68.0,4077.7,0,992402,False,marginal
019045010080,B00OQJVZQY,"Ban Roll-On Antiperspirant Deodorant, Satin Breeze, 3.5-Ounce 12/cs",FBA,0.3542,44.56,6.68,6.13,30.89,69.3,3616.5,0,1388533,False,marginal
019045001743,B01IA98LRG,Ban Unscented Antiperspirant Deodorant Invisible Roll- On 3.5 oz 12/cs,FBA,0.3542,40.49,6.07,4.09,29.47,72.8,3450.3,0,1031846,False,marginal
037000324942,B01IAIA95O,"Always Ultra Thin Pads, Unscented, Size 2, 40 count 72/pt 6/cs",FBA,1.375,45.88,6.88,8.12,29.0,63.2,1546.8,0,133093,False,marginal
079400251800,B01IADW8PI,Degree Invisible Solid Sheer Powder 2.6oz 12/cs,FBA,0.2708,40.5,6.08,6.31,27.34,67.5,3547.5,0,1027689,False,marginal
037000426882,B000T9TI6O,Always Thin Pantiliners Regular Scent 20 Each (2/12pk) 24/cs,FBA,0.0729,37.92,5.69,7.71,23.95,63.2,4180.3,0,1071439,False,marginal
037000879640,B08FRPJLDP,"Always Pure Cotton with Flexfoam Pads, Size 1, Regular 14ct 135/pt 6/cs",FBA,0.9583,34.34,5.15,6.13,21.6,62.9,1481.2,0,266932,False,marginal
019045053834,B00OQJVVEK,"Ban Roll-On Antiperspirant Deodorant, Powder Fresh 3.5-Ounce 12/cs",FBA,0.3542,28.51,4.28,6.13,17.25,60.5,2019.4,50,62264,False,buy
062338780481,B01IAFJ91M,AIR WICK Scented Oil Warmer: 2 Pack 161/pt 6/cs,FBA,0.4417,27.79,4.17,5.5,17.18,61.8,1824.3,0,0,False,marginal
037000661030,B001GCU19G,"Always Maxi Unscented Pads without Wings, Regular, 48 Count 6/cs",FBA,1.225,36.03,5.4,11.85,17.05,47.3,988.4,0,896897,False,marginal
037000386018,B0GSJ7KNM8,Always Maxi Overnight Pads - Size 4 - 28ct 36/pt 6/cs,FBA,1.1417,25.99,3.9,3.5,16.95,65.2,1032.5,0,178980,False,marginal
017000024103,B07879FQVZ,Dial Bars 4oz 3pk Refresh & Renew Antibacterial Deodorant Bar Soap White Scent 216/pt 12/cs,FBA,0.2708,28.09,4.21,6.31,16.8,59.8,2179.0,0,0,False,marginal
017000169194,B07ZQPQ1PB,Dial Body Wash 21oz Pamper & Indulge Manuka & Honey Scent 288/pt 4/cs,FBA,0.9875,29.88,4.48,7.71,16.2,54.2,1089.1,0,223281,False,marginal
037000823322,B07GDVHT59,Bounce Sheet Outdoor Fresh 34 ct 125/pt 12/cs,FBA,0.2083,23.99,3.6,4.09,15.59,65.0,2201.5,0,783468,False,marginal
044600325811,B0BSHFJP3T,Clorox Paper Towel Wipes - Jasmine - 35 Count 140/pt 6/cs,FBA,0.475,28.5,4.28,7.79,15.46,54.2,1585.6,0,241946,False,marginal
023400519132,B07DD5CS9X,"Combat Max Roach Killing Bait for Large Roaches, 8 Bait Stations 60/pt 12/cs",FBA,0.375,24.56,3.68,5.22,14.78,60.2,1689.3,0,61,False,marginal
037000983477,B078XL2Q2N,"Always Maxi Pads with Wings Extra Long, Unscented, Size 3, 26 Count 84/pt 3/cs",FBA,2.5833,37.38,5.61,14.11,14.58,39.0,472.9,0,756372,False,marginal
079400265401,B078YGF3YT,Degree Solid Mens 2.7oz Cool Rush 294/pt 12/cs,FBA,0.25,23.04,3.46,5.61,13.22,57.4,1763.2,0,625092,False,marginal
030772020784,B09S2DT1G2,Always Pure Cotton with Wings Size 3 Heavy Unscented - 22ct 128/pt 3/cs,FBA,2.9167,24.98,3.75,5.22,12.6,50.4,368.7,0,1023843,False,marginal
037000281597,B00N37TVMK,"Always Maxi Unscented Pads without Wings, Long Super Size 2 42 Count 6/cs",FBA,1.2083,20.27,3.04,3.5,12.02,59.3,703.7,0,0,False,marginal
019045105465,B001ET7I0G,Curel Fragrance Free & Sensitive Skin Hydrating Lotion For Dry Face &B ody Skin 13oz 6/cs,FBA,0.9583,23.89,3.58,6.9,11.95,50.0,819.3,0,165026,False,marginal
037000956631,B01DD9UQJO,Crest Scope Classic Mouthwash Original 50.7 oz 88/pt 4/cs,FBA,1.8125,24.98,3.75,7.38,11.54,46.2,499.0,50,127404,False,buy
033200002604,B0BBNB5N41,Arm & Hammer Plus OxiClean Stain Fighters Fresh Scent 100.5 oz 50/pt4/cs,FBA,2.375,27.07,4.06,8.62,11.51,42.5,400.5,50,844,False,buy
037000956624,B0742MKSGC,Crest Scope Classic Mouthwash 33.8 oz 6/cs,FBA,0.8917,23.78,3.57,7.96,10.86,45.7,780.4,0,576630,False,marginal
072613473335,B0CZTTWWXG,"All Liquid Laundry Detergent, Sunshine Fresh Scent OXI Plus Odor Lifter 36 oz 56/pt 6/cs",FBA,0.9167,21.99,3.3,6.48,10.79,49.1,762.0,100,89662,False,buy
035000510983,B07GBTCXFR,Colgate Cavity Protect Flouride Toothpast 8oz Reguler Flavor 8/5pk 24/pt 40/cs,FBA,0.0563,20.94,3.14,6.9,10.34,49.4,1859.2,0,14095,False,marginal
037000305668,B0029NYQ5Q,"Always Maxi Pads with Wings, Long/Super Size 2 32 Count 6/cs",FBA,1.3083,28.68,4.3,12.25,10.32,36.0,570.7,0,1064269,False,marginal
030772022658,B0DM6DDD6N,"Always Thin No Feel Protection Clean Sent Panty Liners, 72 un 72 Count 12/cs",FBA,0.4583,17.44,2.62,3.92,9.95,57.0,1037.8,50,253471,False,marginal
062338988832,B07H3YS4SV,AIRWICK Scented Oil Refills Sweet Orange & Lemon Fragrance 2pk Total 134 FL OZ 6/cs,FBA,0.75,18.94,2.84,4.93,9.92,52.4,793.5,0,287239,False,marginal
051141322698,B00O4DZMN4,Command Large Picture Hangers Holds 3 lb White Damage-Free Hanging 4 Pairs (4/6pk) 24/cs,FBA,0.1229,16.48,2.47,3.5,9.89,60.0,1586.9,0,0,False,marginal
033200197249,B008825LWO,"Arm & Hammer Ultra Max Solid, Fresh Antiperspirant Deodorant 2.6 oz1 2/cs",FBA,0.2083,17.95,2.69,4.76,9.79,54.5,1382.1,0,581572,False,marginal
023400880478,B07D3NTY2Y,Dial Hand Soap Refill 1Gallon Professional Antibacterial Defense Gold +A loe 48/pt 4/cs,FBA,4.125,27.3,4.09,8.87,9.71,35.6,209.9,50,25883,False,buy
037000899099,B072L9RRTW,Always Infinity Size 3 Extra Heavy Flow Pads with Wings 14 count 6/cs,FBA,0.9583,19.24,2.89,5.22,9.68,50.3,663.5,0,154978,False,marginal
017000169583,B07C5YQZCX,"Dial Body Wash 16oz Men Soothe Apaiser 3in1 Body + Hair + Face Wash, Infinite Fresh 324/pt 4/cs",FBA,0.875,21.66,3.25,7.46,9.58,44.2,696.4,0,190271,False,marginal
017000122465,B084L6LQVR,Dial Body Wash 16oz Pamper & indulge Marula Oil 240/pt 6/cs,FBA,0.5833,19.97,3.0,6.31,9.58,48.0,884.4,0,978772,False,marginal
030772033456,B09TWVDWC7,"Always Ultra Thin Pads with Wings, Size 3 ,17 Count 128/plt 6/cs",FBA,0.875,17.95,2.69,4.35,9.53,53.1,693.3,0,720481,False,marginal
035000761606,B07FL12659,Colgate Flouride Toothpast 8oz Baking Soda/Peroxide Whitening 8/5pk 24/pt 40/cs,FBA,0.0563,19.9,2.98,6.9,9.46,47.5,1700.3,0,200688,False,marginal
037000945970,B0DRPJK8MP,Ariel Powder Laundry Detergent Original Scent 17 oz 24/cs,FBA,0.0979,17.94,2.69,5.22,9.43,52.6,1577.4,100,43044,False,buy
037000821212,B07QVTLR49,"ALWAYS Infinity Flex Foam size 5, 11 each 6/cs",FBA,0.9583,18.6,2.79,5.22,9.13,49.1,626.2,0,673553,False,marginal
033200186601,B00LO2XXGG,"Arm & Hammer Advanced White Toothpaste, Clean Mint 4.3oz 270/pt 12/cs",FBA,0.2292,18.68,2.8,6.02,9.13,48.9,1251.9,200,66158,False,buy
051141409528,B01EMCYEVW,Command Medium Clear Wire Hooks Holds 2 lb Damage Free Hanging 6 Hooks and 8 Strips (3/4pk) 12/cs,FBA,0.3542,20.49,3.07,7.79,8.77,42.8,1027.0,0,0,False,marginal
062338032931,B0BC2J9T8S,Air Wick Automatic Spray Refill 2 Ct 5.89 Each Fresh New Day Pet Fresh Cotton 273/pt 3/cs,FBA,1.1667,18.9,2.83,5.84,8.56,45.3,513.5,50,3233,False,buy
079400241450,B00I6A6EOC,Degree Advanced Antiperspirant Deodorant Stick Shower Clean Twin Pack Total 5.2oz 294/pt 6/cs,FBA,1.0,16.89,2.53,4.35,8.51,50.4,567.1,50,265189,False,marginal
017000092881,B00K592PIG,Dial Body Wash 16oz Refresh & Renew Coconut Water Hydraclean 240/pt 6/cs,FBA,0.5833,19.98,3.0,7.55,8.35,41.8,770.8,0,169537,False,marginal
033200197447,B001E723SA,"Arm & Hammer Ultra Max Antiperspirant Deodorant, Active Sport, 2.6oz 12/cs",FBA,0.2083,16.66,2.5,5.76,7.69,46.2,1086.1,50,42679,False,buy
037000179023,B002OTT3US,"ALWAYS Maxi Size 5 Extra Heavy Overnight Pads With Wings Unscented, 20 Count 45/pt 6/cs",FBA,1.3167,17.75,2.66,5.61,7.66,43.2,421.7,500,397,True,skip
072613739462,B07S3XR4R2,All Liquid Laundry Detergent 36 oz Free Clear Odor Relief 56/pt 6/cs,FBA,0.875,17.99,2.7,6.48,7.44,41.3,540.8,0,368602,False,marginal
017000024110,B001TSLWL8,Dial Bars 4oz 8pk Refresh & Renew Antibacterial Deodorant Bar Soap White Scent 228/pt 4/cs,FBA,1.875,18.61,2.79,6.13,7.31,39.3,307.9,300,86299,False,buy
062338010656,B0DPJBC82M,Air Wick Scented Oil Vibrant Refills Cherry Blossom & Raspberry 5pk Total 3.38 fl oz 126/pt 5/cs,FBA,1.5,16.29,2.44,4.76,7.09,43.5,354.3,100,90146,False,buy
030772136331,B0DM6DKHDC,Always Discreet Pads 5 Heavy Long 64 Count 1/cs,FBA,16.75,38.0,5.7,7.96,7.09,18.7,41.1,0,634902,False,marginal
037000956587,B07C4KBJK4,Crest Mouthwash Scope Classic 1.2 oz. Original Mint Flavor 48/cs,FBA,0.0156,14.99,2.25,5.22,7.01,46.7,1358.8,0,373814,False,marginal
062338010649,B0DPJB4D64,Air Wick Scented Oil Refills Cotton & White Lotus 5pk Total 3.38 fl oz 126/pt 5/cs,FBA,1.5,16.15,2.42,4.76,6.97,43.1,348.4,100,25614,False,buy
033200194705,B000VE5EPQ,ARM & HAMMER ULTRA MAX Deodorant- Powder Fresh- Solid 2.6oz 451/pt 12/cs,FBA,0.2083,14.54,2.18,4.76,6.89,47.4,972.9,100,50421,False,buy
033200186816,B01HVOQFU6,Arm & Hammer Toothpaste Whitening & Enamel Strengthening Fluoride 4.3oz 270/pt 12/cs,FBA,0.2,15.38,2.31,5.61,6.76,44.0,966.1,200,63258,False,buy
023400519606,B000NNNI4E,Combat Max Roach Killing Gel 2.1 oz Vert Tray 80/pt 12/cs,FBA,0.5208,13.97,2.1,4.09,6.76,48.4,662.6,0,1413454,False,marginal
078300069867,B074NB6QG1,Carefree Body Shape Pantiliners Long To Go Unscented 42 Count 120/pt 8/cs,FBA,0.5437,15.66,2.35,5.76,6.51,41.6,623.5,0,177292,False,marginal
062338020938,B0BCN41464,Air Wick Scented Oil Natural Essential Oils Refill Fresh Linen 0.27 FL OZ 16/cs,FBA,0.0594,14.9,2.23,5.61,6.5,43.6,1161.2,0,557247,False,marginal
062338008981,B0GTMM68VK,"Air Wick Vibrant Plug in Scented Oil 2 Refills Total 1.34oz , White Cranberry & Sugared Currants Essential",FBA,0.75,12.99,1.95,3.5,6.29,48.4,503.3,0,1192192,False,marginal
037000306566,B000QB4WJS,"Always Ultra Thin, Regular, Flexi-Wings Size1 Pads 36ct 108/pt 6/cs",FBA,1.2917,15.53,2.33,5.22,6.19,39.9,345.4,0,802443,False,marginal
037000890287,B01KL1D6CQ,"ALWAYS Maxi Size 4 Overnight Pads With Wings Unscented, 26 Count 6/cs",FBA,1.3083,16.45,2.47,6.02,6.15,37.4,340.3,200,1178,False,buy
044600324289,B0B17KDC3C,"Clorox Performance Bleach, 121 Oz 56/pt 3/cs",FBA,1.9167,33.94,5.09,20.4,6.03,17.8,249.6,400,36629,False,buy
062338965338,B07ZQL4QTC,Air Wick V.I.P. Pre-Poop Toilet Spray Rosy Setter 1.85oz 378/pt 6/cs,FBA,0.4167,12.85,1.93,4.09,5.92,46.0,645.3,50,48154,False,buy
033200197928,B01M4KTI1R,ARM & Hammer Essentials Solid Deodorant Unscented 2.5 oz 12/cs,FBA,0.2083,12.9,1.94,4.35,5.91,45.8,833.9,900,4985,False,buy
062338086941,B0F5T5SLPC,Air Wick Essential Mist Starter Kit (Diffuser + Refill) Vanilla & Pink Papaya Air Freshener 156/pt 3/cs,FBA,2.5,15.9,2.38,4.76,5.76,36.2,191.8,200,76333,False,buy
062338010687,B0DPJB6GHC,Air Wick Scented Oil Refills Wild Strawberry & Poppy 5pk Total 3.38 fl oz 126/pt 5/cs,FBA,1.5,13.93,2.09,4.35,5.49,39.4,274.5,300,46450,True,skip
030772020906,B09SVKX43V,"Always Thin No Feel Protection Unscented Panty Liners, 72 Count 12/cs",FBA,0.4375,12.34,1.85,4.09,5.46,44.3,582.6,0,354547,False,marginal
037000970569,B0773QWZ7X,"Dawn Ultra Dishwashing Liquid Dish Soap, Original Scent, 828ml 28oz 76/pt 8/s",FBA,0.4688,14.5,2.17,6.02,5.34,36.8,550.8,0,23,False,marginal
037000385929,B00GFGBAVQ,"Crest Complete Whitening Plus Scope Minty Fresh Toothpaste, 0.85 Ounce 36/cs",FBA,0.0208,12.0,1.8,4.35,5.33,44.4,1023.3,100,23334,False,buy
5010724526712,B0F8R1XRH5,Batiste Fresh Breezy Citrus Dry Shampoo - 3.81oz 12/cs,FBA,0.3,12.99,1.95,4.93,5.31,40.9,663.9,0,1195313,False,marginal
033200187707,B002OTJT2A,"Arm & Hammer PeroxiCare, Baking Soda & Peroxide Clean Mint Fluoride Anticavity Toothpaste 6oz 275/plt",FBA,0.2292,11.86,1.78,4.09,5.26,44.4,721.6,200,151378,False,marginal
044600324388,B089KV7JPD,Clorox Pro Results Outdoor Bleach for Cleaning- 81- oz 45/pt 6/cs,FBA,0.9167,17.94,2.69,8.68,5.15,28.7,363.7,0,399277,False,marginal
062338010724,B0DPJBP96B,Air Wick Scented Oil Refills Rainforest Kiwi & Passion Fruit 5pk Total 3.38 fl oz 126/pt 5/cs,FBA,1.5,13.99,2.1,4.76,5.13,36.7,256.6,100,86398,True,skip
062338001456,B0CN7CWRPB,Air Wick Scented Oil Refills White Gardenia & Plumeria 5pk Total 3.38 fl oz 126/pt 5/cs,FBA,1.5,13.99,2.1,4.76,5.13,36.7,256.6,500,11375,False,buy
019200983426,B07J6J8BLX,d-CON Disposable Kills Mice Bait Station 3 Count Total 1.5 oz 88/pt 6/cs,FBA,0.875,22.85,3.43,13.03,5.02,22.0,364.9,0,1250313,False,marginal
062338001449,B0CN7BG8XJ,Air Wick Scented Oil Refills Pink Watermelon & Mimosa 5pk Total 3.38 fl oz 126/pt 5/cs,FBA,1.5,13.67,2.05,4.76,4.86,35.5,243.0,1000,13458,True,skip
051141346939,B00KKXT2A6,Command Mini Clear Hooks Holds 0.5 lb Damage Free Hanging 6 Hooksa nd 8 Strips (6/6pk) 36/cs,FBA,0.0819,9.3,1.4,2.52,4.8,51.6,825.4,0,4068280,False,marginal
037000426899,B01IAI8JA6,Always Thin Pantiliners Regular Clean Fresh Scent 20 Each 24/cs,FBA,0.0625,11.38,1.71,4.35,4.76,41.8,846.3,100,117168,False,buy
079400266200,B01EYRU3QA,Degree Solid Fresh Oxygen 2.6oz 12/cs,FBA,0.2708,10.87,1.63,3.86,4.61,42.4,597.9,0,1252055,False,marginal
017000131382,B07NF22Q6P,Dial Hand Soap 7.5oz Liquid Miracle Oil 144/pt 12/cs,FBA,0.125,13.56,2.03,6.31,4.59,33.9,734.6,0,113735,False,marginal
017000121581,B01M5L8BBT,Dial Hand Soap 7.5 oz Coconut Water & Mango Liquid 168/pt 12/cs,FBA,0.125,13.17,1.98,6.02,4.55,34.5,727.9,0,413049,False,marginal
023400972180,B000KL1LDE,Combat Max 12 Month roach Killing Bait for Small Roaches 18 Ct 160/pt 6/cs,FBA,1.0833,11.99,1.8,4.09,4.52,37.7,285.4,20000,29,True,skip
037000117131,B019O9G6EG,"ALWAYS Infinity Flex Foam size 1, 18 each 12/cs",FBA,0.4583,12.49,1.87,5.22,4.44,35.5,463.1,0,820430,False,marginal
062338009087,B0D481MSQV,Air Wick Vibrant Glowing Campfire & Starlit Sky/ Winter Woods & Frosted Ivy Mixed Pack 5 Refill 3.38 oz 126/pt,FBA,1.5,12.99,1.95,4.76,4.28,33.0,214.1,100,121220,False,buy
062338858258,B000BO9KYW,Air Wick Stick-Ups Air Freshner Lavender & Chamomile 2pk 210/pt 12/cs,FBA,0.1125,9.14,1.37,3.01,4.15,45.4,677.0,0,5295,False,marginal
030772033524,B0BX1CLKF7,"Always Ultra Thin Pads with Wings, Size 4 ,16 Count 12/cs",FBA,0.4583,11.07,1.66,4.35,4.1,37.0,428.0,0,284631,True,skip
079400251909,B076B8CJ38,Degree For Women Shower Clean 2.6oz 12/cs,FBA,0.2708,9.13,1.37,3.01,3.98,43.6,516.3,0,1872265,False,marginal
019045001149,B01KZNCMES,"Ban Roll-On Antiperspirant Deodorant, Regular, 3.5- Ounce 12/cs",FBA,0.3542,11.28,1.69,4.76,3.97,35.2,465.2,0,879939,False,marginal
062338784731,B00DSXECQ4,AIRWICK Scented Oil Refills Lavender & Chamomile 2pk Total 134 FL OZ 217/pt 6/cs,FBA,0.75,9.91,1.49,3.24,3.93,39.7,314.7,0,1374676,False,marginal
030772033685,B09TWWHQ8D,"Always Maxi Pads with Wings Long Super Size 2, 18 Count 60/pt 8/cs",FBA,0.7812,12.23,1.83,5.22,3.89,31.8,304.0,0,1101730,False,marginal
033200975311,B0C3FFQ33H,Arm & Hammer Pure Baking Soda Shaker 12oz 6/cs,FBA,0.4583,10.24,1.54,3.91,3.84,37.5,400.3,0,106575,False,marginal
062338010670,B0DPJC3294,Air Wick Scented Oil Vibrant Refills Sweet Hibiscus & Magnolia 5pk Total 3.38 fl oz 126/pt 5/cs,FBA,1.51,12.3,1.84,4.76,3.69,30.0,183.3,100,76943,False,buy
062338009018,B0D47Z3P25,Air Wick Scented Oil Refills Glowing Campfire & Starlit Sky 5pk Total 3.38f l oz 126/pt 5/cs,FBA,1.5,12.18,1.83,4.68,3.67,30.2,183.7,500,37371,True,skip
827854001898,B0BYLM8P68,Colgate Total Toothpaste Gel - Fresh Mint Stripe 5.1oz 138/pt 24/cs,FBA,0.125,8.83,1.32,3.24,3.64,41.2,582.5,50,220824,False,marginal
017000108780,B00H35YYCU,Dial Bar Soap Lavender & Twilight Jasmine 3pk 4oz 168/pt 12/cs,FBA,0.2708,9.79,1.47,3.91,3.64,37.2,472.3,1000,13179,False,buy
033200180531,B00IAJHNCQ,Arm & Hammer Complete Care Plus Whitening Fresh Mint Fluoride Anticavity Toothpaste 275/pt 6 oz 12/cs,FBA,0.2292,8.94,1.34,3.24,3.63,40.6,497.8,0,954520,False,marginal
033200197645,B01A5YQJZA,ARM & HAMMER ULTRA MAX Deodorant- Cool Blast- Solid - 2.6oz 12/cs,FBA,0.2083,10.58,1.59,4.76,3.52,33.3,497.6,0,390954,False,marginal
062338858265,B00GRTFNQO,Air Wick Stick-Ups Air Freshner Sparkling Citrus 2pk 210/pt 12/cs,FBA,0.1125,8.6,1.29,3.2,3.5,40.7,571.0,0,5295,False,marginal
037000117148,B00E4MNERQ,Always Infinity Flex foam Pads for Women Size 2 Overnight with Wings Unscented 16 Count 75/pt 12/cs,FBA,0.4792,12.88,1.93,6.48,3.49,27.1,356.3,0,0,False,marginal
022600881612,B01MYY56L2,"ARRID XX Anti-Perspirant Deodorant Spray, Morning Clean 6 oz 125/pt 12/cs",FBA,0.3542,10.85,1.63,4.93,3.44,31.7,402.5,0,1145855,False,marginal
037000818113,B07ZT9FTY1,Always Radiant Pads With Flexi-Wings size 4 Overnight Flow Light Clean Scent 10ct 12/cs,FBA,0.5208,9.27,1.39,3.5,3.36,36.2,329.0,0,799411,False,marginal
023400459018,B075NQ1GLQ,Combat Ant Killing Bait Station 6ct 160/pt 12/cs,FBA,0.2083,19.18,2.88,12.25,3.34,17.4,472.2,0,0,False,marginal
033200011309,B00032BPCM,Arm & Hammer pure Baking Soda 8 oz 24/cs,FBA,0.0312,8.66,1.3,3.5,3.33,38.5,626.8,5000,61242,False,buy
033200018117,B00HNSJSX2,"Arm & Hammer Pure Baking Soda, 5 lb 70/pt 4/cs",FBA,1.1875,13.99,2.1,7.11,3.09,22.1,183.3,0,105843,False,marginal
062338779614,B07DFZKFT8,Air Wick Automatic Air Freshener Spray Refill Lavender & Chamomile Fragrance 5.89oz 48/pt 24/cs,FBA,0.1458,10.41,1.56,5.16,3.04,29.2,471.2,0,870750,False,marginal
037000830955,B07QTW4YBS,Always Infinity Flex foam Pads for Women Size 4 Overnight with Wings Unscented 13 Count 120/pt 6/cs,FBA,0.9583,9.34,1.4,3.5,2.98,31.9,204.4,0,2412,False,marginal
019200783576,B0044UMMY4,"d-CON No View, No Touch Covered Mouse Trap 2 Count 160/pt 8/cs",FBA,0.4062,8.28,1.24,3.24,2.89,34.9,319.1,0,381998,False,marginal
030772000922,B0CXF45WBN,Dawn 50% Less Scrubbing Dishwashing Liquid 15.5 oz 80/pt 10/cs,FBA,0.325,9.5,1.43,4.37,2.88,30.3,349.1,50,147453,False,buy
037000003403,B0BB87V13G,Crest Toothpaste Cavity Protection Regular 0.85 oz 36/cs,FBA,0.0236,7.7,1.16,3.24,2.78,36.1,531.2,100,7007,False,buy
017000018409,B000NLO5TI,Dial Bars 4oz 3pk Refresh & Renew Antibacterial Deodorant Bar Soap Spring Water Scent 216/pt 12/cs,FBA,0.2708,8.3,1.25,3.5,2.78,33.5,361.2,100,22818,False,buy
062338024257,B0B5LS9MLZ,"Air Wick Plug in Scented Oil 2 Refills Total 1.34oz Bonfire and Crisp Fall Air, Essential Oils, Air Freshener",FBA,0.75,8.5,1.27,3.24,2.73,32.2,218.8,0,343815,False,marginal
037000537823,B0BMWDN781,DAWN Simply Clean Dishwashing Liquid Original Scent 14.6 OZ 50/pt 20/cs,FBA,0.075,8.46,1.27,3.91,2.71,32.0,470.6,100,98242,False,buy
079400458247,B07PDNK2T5,"Dove Advanced Care Antiperspirant, Apple & White Tea 2.6 oz 252/pt 12/cs",FBA,0.3125,7.89,1.18,3.24,2.65,33.6,326.6,600,420,True,skip
030772033418,B09TTS1VQ9,"Always Ultra Thin Pads with Wings, Size 2 ,20 Count 120/pt 6/cs",FBA,0.875,9.28,1.39,3.91,2.6,28.0,189.3,0,510165,False,marginal
051131651418,B06XT9RX62,Command Medium Utility Hooks White Holds 3 lb Damage Free Hanging 2 Hooks and 4 Strips (6/6pk) 36/cs,FBA,0.0819,7.23,1.08,3.01,2.55,35.3,438.8,0,4404294,False,marginal
030772033395,B09TTQ48F9,"Always Ultra Thin Pads with Wings, Size 1 ,22 Count 140/pt 6/cs",FBA,0.9167,8.65,1.3,3.5,2.44,28.2,171.9,0,717219,False,marginal
079400260949,B00SD7DC2K,Axe Antiperspirant Invisible Solid Apollo 2.7oz 238/pt 12/cs,FBA,0.2708,7.3,1.09,3.01,2.42,33.2,314.5,50,71904,False,buy
017000003245,B01GL5V4OI,Dial Bars 4oz 3pk Refresh & Renew Antibacterial Deodorant Bar Soap Mountain Fresh Scent 216/pt 12/cs,FBA,0.2708,8.34,1.25,3.91,2.41,28.9,312.4,4000,4057,False,buy
037000958604,B019TUCDA6,"Bounce Dryer Sheets, Outdoor Fresh, 15 Count 144/pt 15/cs",FBA,0.1,6.99,1.05,2.97,2.37,33.9,395.3,50,68222,False,buy
033200150275,B002ZUZXUU,Arm & Hammer Cat Litter Deodorizer With Baking Soda 30 Oz 120/pt 9/cs,FBA,0.3611,9.99,1.5,5.28,2.35,23.5,273.0,200,328,False,buy
062338020594,B08XXGCTK5,Air Wick Scented Oil Peach & Sweet Nectar 2 Count Refill Total 1.34oz 217/pt 6/cs,FBA,0.75,7.95,1.19,3.24,2.27,28.5,181.4,50,119147,True,skip
023400071708,B0CF14DZS5,"Combat Max 2 in 1 Ant Bait Station, 4 Count 583/pt 8/cs",FBA,0.625,6.94,1.04,2.58,2.19,31.6,195.0,10000,161,True,skip
051131651425,B00OI6EWLK,Command Large Utility Hooks White Holds 5 lb Damage Free Hanging 1 Hooks and 2 Strips (6/6pk) 36/cs,FBA,0.0764,6.72,1.01,3.01,2.13,31.6,368.8,0,0,False,marginal
079400205704,B000GCLDH6,Degree Solid Cool Comfort 2.7oz 12/cs,FBA,0.2708,6.95,1.04,3.01,2.13,30.6,275.9,50,1245,False,buy
079400589835,B01H3G3EKG,"Axe Black Antiperspirant Deodorants Stick, 2.7 Ounce 238/pt 12/cs",FBA,0.2708,6.9,1.03,3.01,2.08,30.2,270.4,50,264529,False,marginal
037000956617,B01DD9UPU4,"Crest Scope Classic Mouthwash, Original Formula 16.9 oz 4/cs",FBA,1.125,9.49,1.42,4.37,2.07,21.8,127.5,700,16435,False,buy
044600309668,B07MR7YTK2,Clorox Bleach Germicidal Concentrated 121oz 56/pt 3/cs,FBA,1.9167,16.19,2.43,9.28,2.06,12.8,85.4,0,952115,False,marginal
033200186267,B00GAPVPEY,Arm & Hammer Advance White Clean Mint Toothpaste 6oz 275/pt 12/cs,FBA,0.2292,6.96,1.04,3.24,1.95,28.0,267.0,0,658720,False,marginal
037000839040,B008CC3ZGE,"Always Radiant Regular Pads with Wings, Unscented 14ct. 12/cs",FBA,0.4792,7.19,1.08,3.24,1.89,26.3,193.2,1000,1435,True,skip
030772033999,B09TWTP122,ALWAYS Maxi Size 4 Overnight Pads With Wings 16 Count 126/pt 3/cs,FBA,1.9167,11.2,1.68,5.22,1.88,16.8,77.9,0,764393,False,marginal
079400551009,B0014CT3BU,Axe Deodorant Stick Essence Dry 2.7oz 12/cs,FBA,0.2708,6.49,0.97,3.01,1.74,26.7,225.2,100,45990,False,buy
030772162965,B0F8BSKSFS,Crest Scope Alcohol-Free Mouth Wash Original 8.4 oz 6/cs,FBA,0.25,6.99,1.05,3.5,1.69,24.2,225.5,0,492473,False,marginal
017000092706,B00BKZQJJ0,Dial Hand Soap 7.5oz Liquid Himalayan Pink Sal 144/pt 12/cs,FBA,0.125,6.55,0.98,3.5,1.44,22.0,230.8,50,166829,False,marginal
062338780467,B01B12E7Y0,Air Wick Plug in Scented Oil Warmer 1 ct 266/pt 6/cs,FBA,0.325,6.38,0.96,3.24,1.36,21.3,164.6,0,17644,False,marginal
033200976158,B0C8TYD4JS,Arm & Hammer Powerfully Clean Naturally Fresh Clean Burst 50 FL OZ 45/pt 8/cs,FBA,0.6562,11.55,1.73,7.46,1.2,10.4,103.9,0,139171,False,marginal
033200976141,B0CD1XW85C,"ARM & HAMMER Baby Hypoallergenic Detergent Cuddly Clean Scent, 35 Loads 45.5 Fl oz 45/pt 8/cs",FBA,0.6562,11.33,1.7,7.38,1.09,9.7,94.6,0,164451,False,marginal
8999999058425,B075XTV6FQ,Camay International Body Soap Bar Natural With Fresh Scent 3pk 125g Each 24/cs,FBA,0.0771,6.49,0.97,3.91,1.03,15.9,178.4,50,123555,False,buy
033200150206,B000V5NVQ4,Arm & Hammer Cat Litter Deodorizer With Baking Soda 20 Oz 126/pt 12/cs,FBA,0.2083,7.5,1.12,4.76,0.91,12.1,128.0,400,328,False,marginal
019045105359,B004AI34JM,Curel Daily Healing Hydrating Lotion For Dry Skin 13oz 6/cs,FBA,0.9583,14.33,2.15,9.85,0.87,6.1,59.8,0,1140588,False,marginal
022600886716,B000GCHTVK,Arrid XX Extra Extra Dry Ultra Clear Aerosol Antiperspirant Deodorant Ultra Fresh 6 oz 125/pt 12/cs,FBA,0.3125,6.99,1.05,4.32,0.81,11.6,99.6,4000,2314,True,skip
044600324166,B086LW5LG3,"Clorox Disinfecting Bleach, Regular 121 oz 56/pt 3/cs",FBA,1.9167,14.92,2.24,9.68,0.59,3.9,24.2,4000,7832,False,marginal
044600322636,B086LW3R4K,"Clorox Disinfecting Bleach, Regular Concentrated Formula 81 Ounce 45/pt 6/cs",FBA,0.9167,12.5,1.88,8.68,0.53,4.2,37.3,600,118793,False,marginal
023400998913,B00XLTYMQ0,"Combat Roach Killing Bait Stations for Small and Large Roaches, 6 Count 336/pt 6/cs",FBA,0.625,5.29,0.79,2.97,0.4,7.6,35.7,500,350,True,skip
827854001836,B0B9FNP1DM,Colgate Total Toothpaste - Clean Mint 5.1oz 138/pt 24/cs,FBA,0.125,5.0,0.75,3.24,0.38,7.7,61.6,50,38017,False,marginal
062338858234,B07666P3PF,"Air Wick Stick Ups Car Air Freshener, Crisp Breeze, 2ct 12/cs",FBA,0.1125,8.61,1.29,6.45,0.26,3.0,41.8,50,104347,True,skip
079400347664,B00J8J5SDS,Degree For Men Antiperspirant Deodorant Solid Cool Rush 2.7oz 12/cs,FBA,0.2708,4.98,0.75,3.24,0.22,4.5,28.8,50,163413,True,skip
079400061256,B00289FAZ6,Axe Deodorant Stick Dark Temptation 2.7oz 238/pt 12/cs,FBA,0.2708,4.97,0.75,3.24,0.21,4.3,27.7,50,106163,True,skip
062338911106,B00TKTN12G,Airwick Scented Oil Twin Refill Paradise Retreat Cherry & Coconut 2x.67oz. 217/pt 6/cs,FBA,0.75,6.46,0.97,4.09,0.15,2.3,12.1,1000,10816,True,skip
037000990895,B08VCNYXXH,Always Ultra Thin Overnight Pads w/ Wings Size 4 26ct 6/cs,FBA,1.3083,7.29,1.09,4.37,0.02,0.2,1.0,50,105875,True,skip
037000879794,B08QRJ3XMR,Always Pure Cotton with Wings Size 2 Heavy Unscented - 24ct 3/cs,FBA,2.75,8.97,1.35,4.37,0.0,0.1,0.1,50,186305,True,skip
037000731368,B0BX6MVWQJ,Always Pure Cotton with Wings Size 5 Extra Heavy Overnight Unscented - 18ct 152/pt 3/cs,FBA,2.9167,8.97,1.35,4.37,-0.16,-1.8,-4.7,50,234080,False,skip
035000996671,B0B9FRZKRV,Colgate Max Fresh with Whitening Toothpaste Cool Mint With Breath Strips 6.3 oz 80/pt 24/cs,FBA,0.1104,4.0,0.6,3.24,-0.45,-11.3,-73.8,500,34538,True,skip
035000996718,B0B9FJZTD3,Colgate Max Fresh with Whitening Toothpaste Clean Mint With Breath Strips 6.3 oz 140/pt 24/cs,FBA,0.1188,3.96,0.59,3.24,-0.49,-12.4,-79.6,100,67649,False,skip
033200011408,B00K1JFAVE,ARM & HAMMER Pure Baking Soda 2 lb. Box 12/cs,FBA,0.15,4.49,0.67,4.37,-1.2,-26.8,-185.2,10000,536,False,skip
037000889304,B009A8HBHS,"Always Maxi, Size 5, Extra Heavy Overnight Pads With Wings, Unscented, 27 Count, 6/cs",FBA,1.625,8.67,1.3,6.45,-1.21,-13.9,-56.7,1000,397,True,skip
030772124642,B0CZB74C6Z,Dawn Platinum Plus Powerwash Dish Spray Gain Scent 16 fl oz 112/pt 6/cs,FBA,0.9583,4.94,0.74,4.37,-1.63,-33.0,-111.7,2000,10343,True,skip
017000209395,B0BR65RVTJ,Dial Hand Soap 11oz Antibacterial Defense + Aloe & White Tea 140/pt 12/cs,FBA,0.1875,3.39,0.51,3.91,-1.72,-50.6,-249.6,500,23426,True,skip
037000523642,B01HJM6AY6,"Dawn Platinum Plus Powerwash Dish Spray Fresh Clean Scent, 16 fl oz 112/pt 6/cs",FBA,0.6833,4.94,0.74,4.76,-1.74,-35.3,-147.4,20000,519,True,skip
044600322605,B086LWFBT4,Clorox Disinfecting Liquid Bleach 43 Oz 64/pt 6/cs,FBA,0.6,6.78,1.02,6.45,-1.79,-26.4,-162.5,1000,17544,False,skip
017000209296,B0BR66MYRJ,Dial Hand Soap 11oz Antibacterial Defense Gold + Aloe 140/pt 12/cs,FBA,0.1875,2.47,0.37,3.91,-2.5,-101.1,-363.3,900,21923,False,skip
017000209531,B0BR6799LW,Dial Hand Soap 11oz Antibacterial Defense Spring Water Scent + Aloe 140/pt 12/cs,FBA,0.1875,2.47,0.37,3.91,-2.5,-101.1,-363.3,4000,6588,True,skip
037000449829,B003CP12O8,Crest Pro Health Mouth Wash Refreshing Clean Mint 33.8oz 6/cs,FBA,0.8083,4.97,0.75,5.46,-2.54,-51.2,-194.4,20000,618,True,skip
033200002659,B0FNC81859,"ARM & HAMMER Detergent Plus Softener Orchard Bloom Scent 77 Loads , 100.5 Fl oz 50/pt 4/cs",FBA,2.375,9.5,1.43,7.77,-2.57,-27.1,-89.4,4000,9009,True,skip
037000886341,B00LTKVB4E,"Always Discreet Incontinence Liners for Women, Very Light Long Length, 44 Count 182/pt 3/cs",FBA,2.0833,5.12,0.77,4.37,-2.6,-50.8,-100.7,1000,3755,True,skip
037000956679,B019FGCOW6,Crest Scope Outlast Mouthwash Rince Bouche 33.8 oz 80/pt 6/cs,FBA,0.95,4.67,0.7,5.46,-2.94,-63.0,-202.8,1000,22067,True,skip
033200975847,B0BBNBTXZ9,"Arm & Hammer Baby Hypoallergenic Liquid Laundry Detergent, 100.5 oz5 0/pt 4/cs",FBA,2.375,8.98,1.35,7.77,-3.01,-33.5,-104.8,10000,2118,True,skip
033200005469,B0FMHTBGQR,Arm and Hammer Essentials Natural Deodorizers Juniper Berry Deodorant 2.5oz 12/cs,FBA,0.2292,0.0,0.3,2.65,-3.68,0.0,-504.6,0,588362,False,skip
042000445764,B0DFHMM195,Brawny The Only 3Ply Premium Paper Towel Tear -A- Square 2 Rolls 114 3-Ply Sheets per Roll 48/pt 4/cs,FBA,1.125,5.94,0.89,7.13,-3.71,-62.4,-228.1,10000,21,True,skip
017000359519,B0GT5PCZLF,Dial Hand Soap 11oz Limited Edition Antibacterial Frosted Cranberry & Pine Scent 140/pt 12/cs,FBA,0.125,0.0,0.3,3.5,-4.42,0.0,-708.0,0,0,False,skip
017000169859,B07WJL2R92,Dial Hand Soap 7.5oz Liquid Ocean Splash 168/pt 12/cs,FBA,0.125,0.0,0.3,3.5,-4.42,0.0,-708.0,0,845631,False,skip
017000332543,B09TFYFKCH,Dial Hand Soap 7.5oz Basics Liquid Hypoallergenic 203/pt 12/cs,FBA,0.1458,0.0,0.3,3.5,-4.45,0.0,-688.4,0,579931,False,skip
017000209333,B0FP243B77,Dial Hand Soap 11oz Antibacterial Defense + Aloe Lavender & Jasmine Scent 140/pt 12/cs,FBA,0.1875,0.0,0.3,3.5,-4.49,0.0,-652.7,0,0,False,skip
017000359434,B0GT4XRB12,Dial Hand Soap 11oz Antibacterial Toasted Hazelnut and Vanilla Scent 140/pt 12/cs,FBA,0.1875,0.0,0.3,3.5,-4.49,0.0,-652.7,0,0,False,skip
079400551108,B09LKYKC6M,Axe Deodorant Stick Phoenix 2.7oz 12/cs,FBA,0.2708,0.0,0.3,3.5,-4.57,0.0,-593.0,0,174140,True,skip
017000209487,B0FR8HCZ93,Dial Hand Soap 11oz Antibacterial Defense +aloe Lemon & Sage 140/pt 12/cs,FBA,0.1875,0.0,0.3,3.91,-4.9,0.0,-712.4,0,944758,False,skip
019045105410,B00F3IF2RU,Curel Ultra Healing Intensive Lotion For Extra Dry Skin 13oz 6/cs,FBA,0.9583,0.0,0.3,3.5,-5.26,0.0,-360.6,0,0,False,skip
017000092645,B00BKZQLFC,Dial Hand Soap 7.5oz Liquid Cherry Blossom Scent 168/pt 12/cs,FBA,0.125,0.0,0.3,4.35,-5.27,0.0,-844.0,0,392840,False,skip
030772159361,B0DPLLMT8B,"Dawn Powerwash Dish Spray 16 Fl Oz Display, 15/Summer Watermelon, 15/Crisp Lilac, 15/Tropical",FBA,0.11,0.0,0.3,4.37,-5.28,0.0,-865.6,300,177088,False,skip
5010724527481,B01BPHJD1I,Batiste Dry Shampoo Original Classic Fresh 200 ml 6/cs,FBA,0.475,0.0,0.3,4.08,-5.35,0.0,-549.2,100,129349,False,skip
037000945994,B0GGVFYDMT,Ariel Laundry Detergent Powder Original Scent 70 oz 50/pt 6/cs,FBA,1.0833,0.0,0.3,3.5,-5.38,0.0,-340.0,0,0,False,skip
030772161654,B0F9LCMQL4,"Always Daily Protect Panty Liners, Regular Length, Unscented 48 Count 144/pt 5/cs",FBA,1.15,0.0,0.3,3.5,-5.45,0.0,-330.3,0,567302,False,skip
062338026121,B0CW25KZ4Q,Air Wick V.I.P. Pre-Poop Toilet Spray Mint Jet Setter 1.85oz 378/pt 6/cs,FBA,0.4167,0.0,0.3,4.35,-5.57,0.0,-607.3,50,110342,False,skip
062338010502,B0DCK7GX9W,"Air Wick Vibrant Plug in Scented Oil 2 Refills Total 1.34oz ,Island Coconut & Warm Sand Essential Oils,",FBA,0.75,0.0,0.3,4.09,-5.64,0.0,-451.2,0,0,False,skip
042000446709,B0FDDJ64GQ,Brawny The Only 3Ply Premium Paper Towel Full Sheet 4 Rolls 38 3-Ply Sheets per Roll 12/pt 6/cs,FBA,1.1417,0.0,0.3,3.71,-5.65,0.0,-344.3,0,0,False,skip
017000209425,B0CKFNQ88D,Dial Hand Soap 11oz Antibacterial Defense + Aloe Pomegranate Tangerine Scent 140/pt 12/cs,FBA,0.1875,8.56,1.28,12.24,-5.65,-66.0,-822.0,0,752338,False,skip
030772033500,B09TV88S6D,always ultra thin extra heavy overnight pads with wings 15 count 128/pt 6/cs,FBA,0.9583,0.0,0.3,3.91,-5.67,0.0,-388.7,0,646117,False,skip
017000344027,B0C6KS3B7P,Dial Body Wash 16oz Energize & Boost Berry Burst Scent 240/pt 6/cs,FBA,0.5833,0.0,0.3,4.37,-5.75,0.0,-531.1,0,1360314,False,skip
030772094037,B0BZJZ23WT,Dawn 50% Less Scrubbing Dishwashing Liquid Original 18oz 80/pt 10/cs,FBA,0.325,0.0,0.3,4.76,-5.88,0.0,-713.3,3000,7453,False,skip
062338001432,B0DCK4G9GJ,"Air Wick Vibrant Plug in Scented Oil 2 Refills Total 1.34oz , White Gardenia & Plumeria Essential Oils, Air",FBA,0.75,0.0,0.3,4.36,-5.91,0.0,-472.8,0,0,False,skip
037000247081,B07175S6MJ,Crest Cavity Protection Toothpaste Regular 8.2oz 4pk 40/pt 10/cs,FBA,0.225,0.0,0.3,4.92,-5.94,0.0,-820.0,0,689279,False,skip
033200942313,B0CKWL6H7Q,Arm & Hammer Powerfully Clean Naturally Fresh Clean Burst 33 FL OZ 54/pt 8/cs,FBA,0.5625,0.0,0.3,4.76,-6.12,0.0,-576.2,0,945412,False,skip
033200973027,B019S2SPW0,Arm & Hammer Daily Litter Fragrance Booster Multi-Cat Strength 21.5 Oz 95/pt 8/cs,FBA,0.4938,0.0,0.3,4.92,-6.21,0.0,-625.3,0,148336,False,skip
017000161839,B01N527QWH,Dial Body Wash 473ml Hibiscus Water Hydrating 240/pt 6/cs,FBA,0.5833,0.0,0.3,5.22,-6.6,0.0,-609.6,0,1695229,False,skip
033200140306,B005HEA39W,"Arm and Hammer Clean Scentsations Soft Dryer Sheets, Purifying Waters 40 ct 144/pt 12/cs",FBA,0.2083,0.0,0.3,5.66,-6.67,0.0,-941.5,0,699760,False,skip
030772164686,B0DPLNSFMJ,Dawn Ultra Removes Grease On Contact Dishwashing Liquid Original Scent- 30.8 fl oz 72/pt 8/cs,FBA,0.5938,0.0,0.3,5.28,-6.67,0.0,-610.1,1000,34961,False,skip
037000956655,B016PDISTK,Crest Scope Outlast Mouthwash Rince Bouche 33.8 oz 6/cs,FBA,0.7917,0.0,0.3,5.46,-7.05,0.0,-545.9,100,497420,False,skip
030772006108,B0D9MH6G7P,"Dawn Ultra Concentré Platinum Dishwashing Liquid Dish Soap, Fresh Rain Scent, 431ml 100/pt 10/cs",FBA,0.3,0.0,0.3,6.02,-7.12,0.0,-890.0,0,643016,False,skip
030772207017,B0FX5WZ72T,"Dawn Ultra Removes Grease On Contact, Dishwashing Liquid Dish Soap, Apple Blossom Scent- 30.8 fl oz 72/pt",FBA,0.5938,0.0,0.3,5.76,-7.15,0.0,-654.0,100,307698,False,skip
033200942269,B0DM9PLSGQ,Arm & Hammer Plus OxiClean Stain Fighters Fresh Scent 32.5 oz 54/pt 8/cs,FBA,0.5312,0.0,0.3,6.31,-7.64,0.0,-741.0,0,1267608,False,skip
033200011101,B00K098Q5W,ARM & HAMMER Baking Soda 1 lb. Box 81/pt 24/cs,FBA,0.0375,0.0,0.3,6.86,-7.7,0.0,-1432.1,0,396666,False,skip
033200197935,B0BKTM4QR1,Arm and Hammer Essentials Natural Deodorizers Rosemary Lavender Deodorant 2.5 Oz 12/cs,FBA,0.2292,0.0,0.3,6.89,-7.92,0.0,-1086.0,0,0,False,skip
017000024028,B00L78L6PW,Dial Bars 4oz 3pk Antibacterial Deodorant Bar Soap Gold 216/pt 12/cs,FBA,0.2792,0.0,0.3,6.94,-8.02,0.0,-1029.2,0,707857,False,skip
037000747895,B07FLT4ZWW,"Crest Pro-Health Intense Mouthwash, Clean Mint, 33.8 fl oz 80/pt 6/cs",FBA,0.9583,0.0,0.3,6.31,-8.07,0.0,-553.3,0,492782,False,skip
033200011705,B0005ZXPY8,ARM & HAMMER Pure Baking Soda 4 lb. Box 6/cs,FBA,0.6083,0.0,0.3,6.78,-8.19,0.0,-738.8,0,286292,False,skip
017000092614,B00X4RLA7I,Dial Hand Soap 7.5oz Liquid Vanilla Honey Scent 168/pt 12/cs,FBA,0.125,0.0,0.3,7.46,-8.38,0.0,-1341.6,0,0,False,skip
037000890331,B07K3QYKZ1,ALWAYS Maxi Size 4 Overnight Pads With Wings 33 Count 35/pt 6/cs,FBA,1.4583,0.0,0.3,6.44,-8.7,0.0,-444.2,0,1336294,False,skip
044600323879,B086LX7K1R,Clorox Splash-Less Liquid Bleach - Fresh Meadow - 77oz 45/pt 6/cs,FBA,0.875,0.0,0.3,7.28,-8.96,0.0,-651.3,1000,6216,False,skip
030772034002,B0FGYNGNKF,ALWAYS Maxi Size 5 Extra Heavy Overnight Pads With Wings 14 Count 90/pt 3/cs,FBA,1.9167,0.0,0.3,6.29,-9.01,0.0,-372.7,0,0,False,skip
037000338406,B003V00F42,Cascade Complete Dishwasher Detergent Gel Fresh Scent 75 oz 60/pt 6/cs,FBA,1.25,0.0,0.3,7.03,-9.08,0.0,-518.9,0,279767,False,skip
037000433576,B00IXP9U28,Cascade Complete Dishwasher Detergent Citrus Breeze Scent 2.12kg/75oz 60/pt 6/cs,FBA,1.375,0.0,0.3,7.03,-9.21,0.0,-490.9,0,891934,False,skip
044600323398,B085HNDG9Q,"Clorox Scented Splash-Less Liquid Bleach, Clean Linen 77 oz 36/pt 6/cs",FBA,0.9583,0.0,0.3,8.12,-9.88,0.0,-677.4,800,53818,False,skip
042000445795,B0DFHMHXXV,Brawny The Only 3Ply Premium Paper Towel Tear -A- Square 4 Rolls 76 3 -Ply Sheets per Roll 24/pt 6/cs,FBA,1.1583,0.0,0.3,8.19,-10.15,0.0,-612.0,600,21,False,skip
044600316093,B07169RXWG,Clorox Pro Results Patio Furniture Cleaner 32oz 72/pt 9/cs,FBA,0.3889,0.0,0.3,9.55,-10.74,0.0,-1208.1,0,0,False,skip
072613475070,B0DXQF8CGY,"all Unit Dose Laundry Detergent, Mighty Pacs, Sensitive Fresh Spring Breeze Scent 60 Count 60/pt 4/cs",FBA,3.4375,0.0,0.3,6.9,-11.14,0.0,-282.9,300,13069,False,skip
030772061664,B0BFH37KVB,Bounty Doubles Plus Paper Towels Select-A-Size 6 Rolls 113 2-Ply Sheets per Roll 40/pt 1/cs,FBA,15.5,18.99,2.85,17.1,-16.96,-89.3,-106.0,0,2663,False,skip
033200002871,B0BBN9SC2N,Arm & Hammer Powerfully Clean Naturally Fresh Clean Burst 140 FL OZ 60/pt 2/cs,FBA,6.625,0.0,0.3,10.03,-17.45,0.0,-245.0,0,379,False,skip
033200975809,B0BSNY2M1Z,Arm & Hammer Plus OxiClean Stain Fighters Fresh Scent 166.5 oz 60/pt 2/cs,FBA,7.45,0.0,0.3,10.19,-18.44,0.0,-231.9,0,841,False,skip
044600001043,B005BOPYO2,Clorox Liquid Original Bleach 3.78 L 25/pt 6/cs,FBA,0.9167,0.0,0.3,17.49,-19.21,0.0,-1355.7,0,0,False,skip
037000449836,B00BHIUI92,Crest Pro Health Complete Clean Mouthwash Clean Mint Alcohol Free 50.7 fl oz 76/pt 4/cs,FBA,1.625,0.0,0.3,18.44,-20.87,0.0,-981.9,0,0,False,skip
062338822914,B00KKXHAS2,AIR WICK Scented Oil Refill Fresh Linen 2pk Total 134 FL OZ 6/cs,FBA,0.75,20.03,3.0,201.77,-185.99,-928.6,-14879.6,0,700025,False,skip
