brand,parent,domain
HDS Trading Corp,,hdstrading.com
Achim,,
Trisonic,,
Takari International,,
King Coffee,,
Sorbus,,
Doo Gro,,
Gaiam,,
PetSafe,,
SEBO,,
Maison Berger,,
US Art Supply,,
Fabric Innovations,,
William Kempf,,
Fantasia Hair Care,,
Bikeroo,,
EnviroCare Technologies,,
BestAir,,
Espoma Organic,,
Jobe's Organics,,
Wooster Brush,,
Honeywell Safety,Honeywell,
Howard Leight,Honeywell,
Fendall,Honeywell,
Ball Mason Jars,Newell Brands,
Libbey Glassware,,
Anchor Hocking,,
Safe-Guard,Merck Animal Health,
Espree Animal Products,,
Salon Step,,
ACCO Brands,,
