ItemCode,Description,CasePack,Source
FAM02-001,LEG RREWOHS Dove,1,family_group
FAM02-002,Dove Body Wash,6,family_group
FAM02-003,Dove BW Refreshing,1,family_group
FAM02-004,Dove BW Deeply,1,family_group
FAM02-005,Liter Dove Body,2,family_group
FAM02-006,oz Irish Spring,5,family_group
FAM02-007,Irish Spring Body,1,family_group
FAM02-008,Dial Body Wash,1,family_group
FAM02-009,Nivea Shower gel,1,family_group
FAM02-010,ml Nivea Bath,1,family_group
FAM02-011,Natural Sense Castile,9,family_group
FAM02-012,Axe Shower Gel,2,family_group
FAM02-013,Old Spice Shower,3,family_group
FAM02-014,TAG Sport Shamp,1,family_group
FAM02-015,TAG Sport Shmp,1,family_group
FAM02-016,Tag Sport Shmp,1,family_group
FAM02-017,TAG Sport Body,2,family_group
FAM02-018,Tag Sport BW,1,family_group
FAM02-019,Palmolive Shower Gel,1,family_group
FAM02-020,100gr Dettol Soap,1,family_group
FAM02-021,100gr Dettol Bar,4,family_group
FAM02-022,90gm Dove Bar,1,family_group
FAM02-023,HEALTH BEAUTY gm,1,family_group
FAM02-024,125gm Camay Soap,3,family_group
FAM02-025,Suave Bar Soap,1,family_group
FAM02-026,Dial Antib Liq,2,family_group
FAM02-027,Softsoap pump Aloe,1,family_group
FAM02-028,Amoray Prem Diamond,1,family_group
FAM02-029,MOLLY Dovenna Molly,1,family_group
FAM02-030,Evissa Premium Bar,3,family_group
FAM02-031,Evissa Beauty Soap,5,family_group
FAM02-032,Softsoap Refill Vanilla,1,family_group
FAM02-033,Softsoap Refill Juicy,1,family_group
FAM02-034,Softsoap Refill Aloe,1,family_group
FAM02-035,Softsoap Pump Meyer,1,family_group
FAM02-036,HEALTH BEAUTY Softsoap,1,family_group
FAM02-037,Softsoap pump Mango,1,family_group
FAM02-038,Softsoap pump Golden,1,family_group
FAM02-039,SOAP BAR Softsoap,1,family_group
FAM02-040,STNARODOED Dove Roll,1,family_group
FAM02-041,Dove Roll Powder,1,family_group
FAM02-042,Dove Deo Stick,1,family_group
FAM02-043,Dove Body Spray,10,family_group
FAM02-044,DVBS250 Dove Body,1,family_group
FAM02-045,Axe Body Spray,1,family_group
FAM02-046,AXE Chill AXE,1,family_group
FAM02-047,Old Spice Body,6,family_group
FAM02-048,Avon Roll Deodorant,21,family_group
FAM02-049,Avon Roll SYARPS,1,family_group
FAM02-050,Arm Hammer Antiperspirant,1,family_group
FAM02-051,Arm Hammer Deodorant,1,family_group
FAM02-052,Arm Hammer UltraMax,1,family_group
FAM02-053,Right Guard Deo,1,family_group
FAM02-054,Oz Mennen Speed,1,family_group
FAM02-055,Vaseline Men Deodorant,2,family_group
FAM02-056,Tag Body Spray,5,family_group
FAM02-057,Tag Deodorant Stick,1,family_group
FAM02-058,Tag Sport Body,3,family_group
FAM02-059,Oz Viva Luxury,4,family_group
FAM02-060,Avon Roll Deodrant,4,family_group
FAM02-061,Dove Body Sray,7,family_group
FAM02-062,Oz Lady Speed,2,family_group
FAM02-063,Suave Deodrant Sweet,1,family_group
FAM02-064,Colgate Tp Regular,1,family_group
FAM02-065,Colgate Tp Sparkling,1,family_group
FAM02-066,Oz Colgate Tp,1,family_group
FAM02-067,Colgate Reg Anticavity,1,family_group
FAM02-068,Colgate Classic TB,3,family_group
FAM02-069,Crest Toothpaste Scoope,1,family_group
FAM02-070,Crest Toothpaste Cavity,1,family_group
FAM02-071,Crest Sesame Street,1,family_group
FAM02-072,Arm Hammer Advance,1,family_group
FAM02-073,TP oz Arm,1,family_group
FAM02-074,TP Signal Toothpaste,1,family_group
FAM02-075,Oral ToothBrush Mixed,1,family_group
FAM02-076,Colgate Super Flexi,1,family_group
FAM02-077,Colgate Super Shine,1,family_group
FAM02-078,Colgate Extra Clean,1,family_group
FAM02-079,Colgate Toothbrush ZigZag,1,family_group
FAM02-080,Listerine MW Fresh,1,family_group
FAM02-081,Oral Cavity Defense,1,family_group
FAM02-082,Huggies Baby Wipes,3,family_group
FAM02-083,Baby Diapers Ditto,1,family_group
FAM02-084,Johnsons Baby Lotion,1,family_group
FAM02-085,Johnson Baby Oil,4,family_group
FAM02-086,Johnsons Baby Shampoo,3,family_group
FAM02-087,Baby Shampoo,1,family_group
FAM02-088,Shampoo,1,family_group
FAM02-089,Johnson Baby Shampoo,1,family_group
FAM02-090,Natural Sense Constarch,1,family_group
FAM02-091,Kleenex Natural Fresh,1,family_group
FAM02-092,Kleenex White Facial,1,family_group
FAM02-093,Cottonelle Flushable Wipes,1,family_group
FAM02-094,Blistex Lip Medex,1,family_group
FAM02-095,Carmex Lip Balm,1,family_group
FAM02-096,Banana Boat Sunscreen,1,family_group
FAM02-097,HEALTH BEAUTY OFF,1,family_group
FAM02-098,Always Pantiliners Regular,2,family_group
FAM02-099,Tag Shave Cream,2,family_group
FAM02-100,Family Comb Sets,1,family_group
FAM02-101,Equate Cotton Round,1,family_group
FAM02-102,Glee Body Hair,1,family_group
FAM02-103,Carefree Pads Original,1,family_group
FAM02-104,Carefree Pads Fresh,1,family_group
FAM02-105,Gillette Blue II,1,family_group
FAM02-106,Kleenex Facial Tissue,1,family_group
FAM02-107,Kotex Unwrapped Liners,2,family_group
FAM02-108,Kotex Ultra Thin,2,family_group
FAM02-109,Kotex Maxi Pads,1,family_group
FAM02-110,Natural Sense Feminine,1,family_group
FAM02-111,Natural Sense Epsom,2,family_group
FAM02-112,Natural Sense Shower,4,family_group
FAM02-113,Natural Sense Medicaned,1,family_group
FAM02-114,Natural Sense Body,1,family_group
FAM02-115,Natural Sense Foaming,1,family_group
FAM02-116,Natural Sense Hard,1,family_group
FAM02-117,Dettol Antiseptic Liquid,1,family_group
FAM02-118,Liter Dettol Antiseptic,1,family_group
FAM02-119,Advil PM Caplets,1,family_group
FAM02-120,Pk Aleve Pouches,1,family_group
FAM02-121,Alka Seltzer Tablet,1,family_group
FAM02-122,Benadryl Allergy,1,family_group
FAM02-123,Claritin Allergy Tab,1,family_group
FAM02-124,Dayquil Caplets,1,family_group
FAM02-125,Nyquil 2Liquicaps,1,family_group
FAM02-126,Tylenol Extra Strength,1,family_group
FAM02-127,Tylenol Extra Strenght,1,family_group
FAM02-128,Motrin Caplets,1,family_group
FAM02-129,Vicks VapoRub,2,family_group
FAM02-130,Vicks VapoRub Classic,1,family_group
FAM02-131,Camphor Tablets,1,family_group
FAM02-132,Oz Alcohol Green,1,family_group
FAM02-133,Pepto Bismol Cap,1,family_group
FAM02-134,Check Pregnancy Test,1,family_group
FAM02-135,Vicks Inhaler,1,family_group
FAM02-136,Krazy Glue All,1,family_group
FAM02-137,Arm Hammer Baking,2,family_group
FAM02-138,Sheets 2Ply Bounty,1,family_group
FAM02-139,Sheets 2Ply Plenty,1,family_group
FAM02-140,Marcal Pride Bath,1,family_group
FAM02-141,AA Panasonic Batteries,1,family_group
FAM02-142,AAA Panasonic Batteries,1,family_group
FAM02-143,Panasonic Battery,2,family_group
FAM02-144,AA Battery,1,family_group
FAM02-145,Energizer AA Battery,1,family_group
FAM02-146,FL Black Table,1,family_group
FAM02-147,Oz White Swan,13,family_group
FAM02-148,White Swan Scented,1,family_group
FAM02-149,WS10 WS10 BeeCards,1,family_group
FAM02-150,Volt Energizer Batteries,1,family_group
FAM02-151,Glade Candle Candy,1,family_group
FAM02-152,Petalo Tissue sheets,1,family_group
FAM02-153,Sq Ft heavy,1,family_group
FAM02-154,Sheets Scott Bathroom,1,family_group
FAM02-155,Against Jealousy Regular,1,family_group
FAM02-156,HH Anti Stress,1,family_group
FAM02-157,Anti Tobacco Regular,1,family_group
FAM02-158,Arruda Regular Hexa,1,family_group
FAM02-159,Attracts Money Regular,1,family_group
FAM02-160,HH Baby Powder,1,family_group
FAM02-161,Bergamot Regular Hexa,1,family_group
FAM02-162,Call Money Regular,1,family_group
FAM02-163,Cannabis Regular Incense,1,family_group
FAM02-164,HH Cedar Cedar,1,family_group
FAM02-165,Cherry Jasmine Regular,1,family_group
FAM02-166,HH Cherry Cherry,1,family_group
FAM02-167,Cherry Vanilla Regular,1,family_group
FAM02-168,Precious Cinnamon Regular,1,family_group
FAM02-169,HH Cinnamon Rose,1,family_group
FAM02-170,Cinnamon Tangerine Regular,1,family_group
FAM02-171,Clove Regular Hexa,1,family_group
FAM02-172,HH Coco Cinnamon,1,family_group
FAM02-173,Coffee Regular Hexa,1,family_group
FAM02-174,HH Copal Palo,1,family_group
FAM02-175,Copal Regular Hexa,1,family_group
FAM02-176,Copal Rose Regular,1,family_group
FAM02-177,Corazon De Jesus,1,family_group
FAM02-178,HH Divine Beauty,1,family_group
FAM02-179,Don Juan Regular,1,family_group
FAM02-180,HH Dragons Blood,1,family_group
FAM02-181,Egyptian Jasmine Regular,1,family_group
FAM02-182,Egyptian Musk Regular,1,family_group
FAM02-183,HH Precious Eucalyptus,1,family_group
FAM02-184,Fairy Dreams Regular,1,family_group
FAM02-185,Fast Luck Regular,1,family_group
FAM02-186,HH First Rain,1,family_group
FAM02-187,Frankincense Myrrh Regular,1,family_group
FAM02-188,Frankincense Regular Incense,1,family_group
FAM02-189,Gardenia Regular Incense,1,family_group
FAM02-190,HH Gold Rain,1,family_group
FAM02-191,Good Fortune Regular,1,family_group
FAM02-192,Good Health Regular,1,family_group
FAM02-193,Good Luck Regular,1,family_group
FAM02-194,Green Apple Regular,1,family_group
FAM02-195,HH Green Tea,1,family_group
FAM02-196,HH Jasmine Blossom,1,family_group
FAM02-197,Jasmine Honey Regular,1,family_group
FAM02-198,HH Lavender Lavender,1,family_group
FAM02-199,Lemongrass Regular Hexa,1,family_group
FAM02-200,Lilac Regular Incense,1,family_group
FAM02-201,HH Lime Lemon,1,family_group
FAM02-202,Lord Buddha Regular,1,family_group
FAM02-203,HH Lotus Lotus,1,family_group
FAM02-204,Red Apple Regular,1,family_group
FAM02-205,LARENEG Magnolia Regular,1,family_group
FAM02-206,Mama Baby Regular,1,family_group
FAM02-207,HH Moldavite Moldavite,1,family_group
FAM02-208,Money Drawing Regular,1,family_group
FAM02-209,HH Money House,1,family_group
FAM02-210,Mukhalat Oudh Regular,1,family_group
FAM02-211,Musk Regular Hexa,1,family_group
FAM02-212,Myrrh Regular Hexa,1,family_group
FAM02-213,HH Ochun Ochun,1,family_group
FAM02-214,Oodh Regular Hexa,1,family_group
FAM02-215,Oodh Sandalwood Regular,1,family_group
FAM02-216,Open Roads Regular,1,family_group
FAM02-217,HH Orange Blossom,1,family_group
FAM02-218,Pagan Magic Regular,1,family_group
FAM02-219,Palo Santo Regular,1,family_group
FAM02-220,Passion Fruit Regular,1,family_group
FAM02-221,HH Passion Passion,1,family_group
FAM02-222,Peach Regular Hexa,1,family_group
FAM02-223,HH Pine Pine,1,family_group
FAM02-224,Pineapple Jasmine Regular,1,family_group
FAM02-225,HH Positive Vibes,1,family_group
FAM02-226,Potpourri Regular Hexa,1,family_group
FAM02-227,HH Precious Lavender,1,family_group
FAM02-228,Precious Opium Regular,1,family_group
FAM02-229,HH Precious Rose,1,family_group
FAM02-230,HH Precious Sun,1,family_group
FAM02-231,Precious White Sage,1,family_group
FAM02-232,Red Rose Regular,1,family_group
FAM02-233,HH Sage Sage,1,family_group
FAM02-234,San Lazaro Regular,1,family_group
FAM02-235,Sandal Cinnamon Regular,1,family_group
FAM02-236,Sandal Vanilla Regular,1,family_group
FAM02-237,Sea Breeze Regular,1,family_group
FAM02-238,HH Spearmint Spearmint,1,family_group
FAM02-239,Strawberry Regular Incense,1,family_group
FAM02-240,HH Success Success,1,family_group
FAM02-241,LARENEG Sweet Grass,1,family_group
FAM02-242,Tangerine Regular Hexa,1,family_group
FAM02-243,HH Moon Moon,1,family_group
FAM02-244,Unlock Regular Hexa,1,family_group
FAM02-245,HH Vanilla Rose,1,family_group
FAM02-246,Vanilla Orange Regular,1,family_group
FAM02-247,Vanilla Raspberry Regular,1,family_group
FAM02-248,Vanilla Strawberry Regular,1,family_group
FAM02-249,HH Veer Hanuman,1,family_group
FAM02-250,White Musk Regular,1,family_group
