ItemCode,Description,CasePack,Source,Search Query,Best ASIN,Matched Title,BSR,Monthly Sold,Seller Count,Amazon Present %,Amazon Is Buybox,Category
TDL10-00763,10oz Tide Simply Detergent Refreshing Breeze,12,20d3b551-AB_Catalog_part001020.pdf,Tide Simply Detergent Refreshing Breeze,B0CPTG25CB,"Tide Simply All-In-One Liquid Laundry Detergent, Refreshing Breeze Scent, 128 Loads, 168 fl oz",163,10000,10,94.2,True,Liquid Detergent
Tide-17988,850ml{28.74oz} Tide Liquid Top Load,12,20d3b551-AB_Catalog_part001020.pdf,Tide Liquid Top Load,,,,,,,,
TDDSP-23021,Tide Display Laundry Liquid Detergent 25oz Original Original HE,18,20d3b551-AB_Catalog_part001020.pdf,Tide Display Laundry Liquid Detergent Original,,,,,,,,
TDL25-90391,25oz Tide Simply Detergent Daybreak Fresh,6,20d3b551-AB_Catalog_part001020.pdf,Tide Simply Detergent Daybreak Fresh,B0DPGH8KKD,"Tide Simply, All-In-One Liquid Laundry Detergent, Daybreak Fresh Scent, 138 Loads, 173 fl oz",163,4000,3,91.0,True,Liquid Detergent
TDL31-90816,31oz Tide Simply Detergent Oxi Boost+Ultra Stain release,6,20d3b551-AB_Catalog_part001020.pdf,Tide Simply Detergent Oxi Boost Ultra,B0B78BR8VB,"Tide Simply Oxi Boost + Ultra Stain Release Laundry Detergent, 10 fl oz, 6 Loads, Tough on Stains, Whitens, Brightens, Refreshing Breeze Scent",270901,0,5,97.2,False,Liquid Detergent
TDL31-11593,31oz Tide Simply Detergent Oxy Boost+Febreze Odor Defens,6,20d3b551-AB_Catalog_part001020.pdf,Tide Simply Detergent Oxy Boost Febreze,,,,,,,,
TDL32-12092,32oz Tide Simply Detergent Daybreak Fresh,6,20d3b551-AB_Catalog_part001020.pdf,Tide Simply Detergent Daybreak Fresh,B0DPGH8KKD,"Tide Simply, All-In-One Liquid Laundry Detergent, Daybreak Fresh Scent, 138 Loads, 173 fl oz",163,4000,3,91.0,True,Liquid Detergent
TDL34-12088,34oz Tide Simply Detergent Refreshing Breeze,6,20d3b551-AB_Catalog_part001020.pdf,Tide Simply Detergent Refreshing Breeze,B0CPTG25CB,"Tide Simply All-In-One Liquid Laundry Detergent, Refreshing Breeze Scent, 128 Loads, 168 fl oz",163,10000,10,94.2,True,Liquid Detergent
TDL37-75268,DIUQIL YRDNUAL 37oz Tide Laundry Liquid Detergent Ultra Oxy Boost HE,6,20d3b551-AB_Catalog_part001020.pdf,Tide Laundry Liquid Detergent Ultra Oxy,,,,,,,,
TDL37-73975,37oz Tide Laundry Liquid Detergent April Fresh W/Downy,6,20d3b551-AB_Catalog_part001020.pdf,Tide Laundry Liquid Detergent April Fresh,B0DSCL6S9R,"Tide Plus Boost of Ultra Downy Liquid Laundry Detergent, April Fresh Scent, 92 fl oz, 65 Loads, Laundry Detergent Liquid with Long-Lasting Freshness",58,0,3,90.2,False,Liquid Detergent
TDL63-29487,63oz Tide Laundry Liquid Original,6,20d3b551-AB_Catalog_part001020.pdf,Tide Laundry Liquid Original,B0CQ42Q5J9,"Tide Laundry Detergent Liquid, Original Scent, 80 Loads, 100 FL OZ, Works on 100% of Common Stains, Laundry Soap, Liquid Laundry Detergent",58,10000,7,99.3,True,Liquid Detergent
TDL84-21880,84.5oz Tide Laundry Liquid Touch Of Freshness,4,20d3b551-AB_Catalog_part001020.pdf,Tide Laundry Liquid Touch Freshness,,,,,,,,
TDL105-13441,105oz Tide Simply Laundry Liquid Detergent Refreshing Breeze,4,20d3b551-AB_Catalog_part001020.pdf,Tide Simply Laundry Liquid Detergent Refreshing,B0CPTG25CB,"Tide Simply All-In-One Liquid Laundry Detergent, Refreshing Breeze Scent, 128 Loads, 168 fl oz",163,10000,10,94.2,True,Liquid Detergent
TDL165-04305,165oz Tide Liq 107 ld Simply Daybreak Fresh,4,20d3b551-AB_Catalog_part001020.pdf,Tide Liq ld Simply Daybreak Fresh,,,,,,,,
Ajax40-04100,40Oz Ajax Laundry Liquid Classic Original HE,8,20d3b551-AB_Catalog_part001020.pdf,Ajax Laundry Liquid Classic Original HE,,,,,,,,
Ajax60-04103,60oz Ajax Laundry Detergent Oxi Overload Fresh Burst,8,20d3b551-AB_Catalog_part001020.pdf,Ajax Laundry Detergent Oxi Overload Fresh,,,,,,,,
AJAX60-04102,60oz Ajax Laundry Detergent Mountain Air,8,20d3b551-AB_Catalog_part001020.pdf,Ajax Laundry Detergent Mountain Air,B0F12T65PR,"Ajax Mountain Air Liquid Laundry Detergent, Fresh Clean Scent, HE Compatible, 80 Loads, 60 fl oz Bottles, Pack of 2",393211,0,0,0.0,False,Liquid Detergent
Ajax60-04101,60oz Ajax Laundry Detergent 5 in 1 Fusion Midnight Fressia,8,20d3b551-AB_Catalog_part001020.pdf,Ajax Laundry Detergent Fusion Midnight Fressia,,,,,,,,
Ajax60-04107,60Oz Ajax Laundry Detergent Linen Lemon,8,20d3b551-AB_Catalog_part001020.pdf,Ajax Laundry Detergent Linen Lemon,B0DYWZG3R5,"Ajax SBG Liquid Laundry Detergent, Linen & Lemon Scent, 134 fl oz (Pack of 2), 178 Loads, Concentrated Laundry Detergent for HE & Standard Washers",413872,0,0,0.0,False,Liquid Detergent
Ajax60-04105,60oz Ajax Laundry Detergent Rainbow 3D Color Vault Cherry Berry,8,20d3b551-AB_Catalog_part001020.pdf,Ajax Laundry Detergent Rainbow 3D Color,B07BGLSJ8S,Rainbow 3D Liquid Laundry Detergent with Color Vault by Ajax | Works in All Standard & HE Washing Machines | Hot & Cold Water | Concentrated Colorstay Formula | Sweet Cherry Blossom Scent | 60 Oz.,1088948,0,5,50.0,False,Liquid Detergent
Ajax134-04108,134 oz Ajax Laundry Detergent Oxi Overload,4,20d3b551-AB_Catalog_part001020.pdf,oz Ajax Laundry Detergent Oxi Overload,,,,,,,,
Roma-41663,128oz Roma Laundry Liquid Detergent,4,20d3b551-AB_Catalog_part001020.pdf,Roma Laundry Liquid Detergent,B07T751C27,"Roma, Liquid Laundry Detergent Biodegradable - 33.8 Ounce (Pack of 2)",120715,0,30,0.0,False,Liquid Detergent
Foca-42667,240oz Foca Laundry Liquid Detergent,2,20d3b551-AB_Catalog_part001020.pdf,Foca Laundry Liquid Detergent,B00ML7JU2Y,"Foca Liquid Laundry Detergent Soap, 10 Kg",117029,100,1,0.0,False,Liquid Detergent
Zote-10002,33.8oz Zote White Liquid Detergent,12,20d3b551-AB_Catalog_part001020.pdf,Zote White Liquid Detergent,B0DHN55ZQ5,"Liquid Laundry Detergent ZOTE - Pink & White, 33.8 oz Each - Powerful Stain Remover for Standard & HE Washing Machines - Effective Formula for Clean, Fresh Clothes",104240,50,1,0.0,False,Liquid Detergent
Zote-10003,33.8oz Zote Pink Liquid Detergent,12,20d3b551-AB_Catalog_part001020.pdf,Zote Pink Liquid Detergent,B0DHN55ZQ5,"Liquid Laundry Detergent ZOTE - Pink & White, 33.8 oz Each - Powerful Stain Remover for Standard & HE Washing Machines - Effective Formula for Clean, Fresh Clothes",104240,50,1,0.0,False,Liquid Detergent
Zote-10004,128oz Zote Laundry Liquid Soap,4,20d3b551-AB_Catalog_part001020.pdf,Zote Laundry Liquid Soap,B0FRN83DCD,ZOTE White Liquid Laundry Detergent Soap Jabon 33.81fl oz/1 liter (Pack of 3),136002,50,1,0.0,False,Liquid Detergent
XTRA-00093,56oz Xtra Laundry Liquid Detergent Crystal Clean,6,20d3b551-AB_Catalog_part001020.pdf,Xtra Laundry Liquid Detergent Crystal Clean,B0BZMZMLWN,XTRA LAUNDRY DETERGENT LIQUID CRYSTAL CLEAN JUG 56 FLUID OUNCE,279929,0,19,0.0,False,Stain Removers
XTRA-00096,56oz Xtra Laundry Liquid Detergent Sparking Fresh,6,20d3b551-AB_Catalog_part001020.pdf,Xtra Laundry Liquid Detergent Sparking Fresh,,,,,,,,
XTRA-02005,57.6oz Xtra Laundry Liquid Detergent Woodland Mist {Mountain Rain},6,20d3b551-AB_Catalog_part001020.pdf,Xtra Laundry Liquid Detergent Woodland Mist,,,,,,,,
XTRA-02007,LAUNDRY 57.6oz Xtra Laundry Liquid Detergent Calypso Fresh,6,20d3b551-AB_Catalog_part001020.pdf,LAUNDRY Xtra Laundry Liquid Detergent Calypso,B01HM3A67E,Xtra ScentSations Calypso Fresh Liquid Laundry Detergent 250 Fl Oz (1) (1),1234632,0,0,0.0,False,Liquid Detergent
XTRA-02004,57.6oz Xtra Laundry Liquid Detergent Tropical Passion,6,20d3b551-AB_Catalog_part001020.pdf,Xtra Laundry Liquid Detergent Tropical Passion,B0FDDD51BP,XTRA LAUNDRY DETERGENT LIQUID TROPICAL PASSION JUG 57.6 FLUID OUNCE,140872,50,2,99.2,True,Liquid Detergent
XTRA-42932,97.7oz Xtra Laundry Liquid Detergent W/Odor Blaster,4,20d3b551-AB_Catalog_part001020.pdf,Xtra Laundry Liquid Detergent Odor Blaster,,,,,,,,
XTRA-00703,97.7oz Xtra Laundry Liquid Detergent Crystal Clean,4,20d3b551-AB_Catalog_part001020.pdf,Xtra Laundry Liquid Detergent Crystal Clean,B0BZMZMLWN,XTRA LAUNDRY DETERGENT LIQUID CRYSTAL CLEAN JUG 56 FLUID OUNCE,279929,0,19,0.0,False,Stain Removers
XTRA-00702,97.7oz Xtra Laundry Liquid Detergent Lavender Sweet Vanilla,4,20d3b551-AB_Catalog_part001020.pdf,Xtra Laundry Liquid Detergent Lavender Sweet,B00M9423OQ,"Xtra Lavender & Sweet Vanilla Liquid Laundry Detergent, 175 fl oz",0,0,0,0.0,False,
XTRA-42931,136.4oz Xtra Laundry Liquid Detergent W/Odor Blast,4,20d3b551-AB_Catalog_part001020.pdf,Xtra Laundry Liquid Detergent Odor Blast,,,,,,,,
XTRA-42915,136.4oz Xtra Laundry Liquid Detergent Crystal Clean,4,20d3b551-AB_Catalog_part001020.pdf,Xtra Laundry Liquid Detergent Crystal Clean,B0BZMZMLWN,XTRA LAUNDRY DETERGENT LIQUID CRYSTAL CLEAN JUG 56 FLUID OUNCE,279929,0,19,0.0,False,Stain Removers
XTRA-42916,136.4oz Xtra Laundry Liquid Detergent Lavender & Vanilla,4,20d3b551-AB_Catalog_part001020.pdf,Xtra Laundry Liquid Detergent Lavender Vanilla,B00M9423OQ,"Xtra Lavender & Sweet Vanilla Liquid Laundry Detergent, 175 fl oz",0,0,0,0.0,False,
XTRA-42918,136.4oz Xtra Laundry Liquid Detergent Sparkling Fresh,4,20d3b551-AB_Catalog_part001020.pdf,Xtra Laundry Liquid Detergent Sparkling Fresh,B00H3R1YM6,Xtra Sparkling Fresh with Color-Safe Bleach Alternative Liquid Laundry Detergent - 39 Loads,0,0,0,0.0,False,
XTRA-00012,139.2oz Xtra Laundry Liquid Detergent Woodland Mist,4,20d3b551-AB_Catalog_part001020.pdf,Xtra Laundry Liquid Detergent Woodland Mist,,,,,,,,
XTRA-00013,139.2oz Xtra Laundry Liquid Detergent Tropical Passion,4,20d3b551-AB_Catalog_part001020.pdf,Xtra Laundry Liquid Detergent Tropical Passion,B0FDDD51BP,XTRA LAUNDRY DETERGENT LIQUID TROPICAL PASSION JUG 57.6 FLUID OUNCE,140872,50,2,99.2,True,Liquid Detergent
XTRA-00705,203.1oz Xtra Laundry Liquid Detergent Crystal Clean Plus Oxi Clean,2,20d3b551-AB_Catalog_part001020.pdf,Xtra Laundry Liquid Detergent Crystal Clean,B0BZMZMLWN,XTRA LAUNDRY DETERGENT LIQUID CRYSTAL CLEAN JUG 56 FLUID OUNCE,279929,0,19,0.0,False,Stain Removers
XTRA-00216,206.4oz Xtra Laundry Liquid Detergent Calypso Fresh,2,20d3b551-AB_Catalog_part001020.pdf,Xtra Laundry Liquid Detergent Calypso Fresh,B01HM3A67E,Xtra ScentSations Calypso Fresh Liquid Laundry Detergent 250 Fl Oz (1) (1),1234632,0,0,0.0,False,Liquid Detergent
XTRA-00215,206.4oz Xtra Laundry Liquid Detergent Tropical Passion,2,20d3b551-AB_Catalog_part001020.pdf,Xtra Laundry Liquid Detergent Tropical Passion,B0FDDD51BP,XTRA LAUNDRY DETERGENT LIQUID TROPICAL PASSION JUG 57.6 FLUID OUNCE,140872,50,2,99.2,True,Liquid Detergent
XTRA-72912,312oz Xtra Laundry Liquid Detergent Claypso Fresh,2,20d3b551-AB_Catalog_part001020.pdf,Xtra Laundry Liquid Detergent Claypso Fresh,,,,,,,,
XTRA-00706,312oz Xtra Laundry Liquid Detergent Tropical Passion,2,20d3b551-AB_Catalog_part001020.pdf,Xtra Laundry Liquid Detergent Tropical Passion,B0FDDD51BP,XTRA LAUNDRY DETERGENT LIQUID TROPICAL PASSION JUG 57.6 FLUID OUNCE,140872,50,2,99.2,True,Liquid Detergent
ARM32-94227,32.5oz Arm Hammer Laundry Oxi Clean Odor Blasters,8,20d3b551-AB_Catalog_part001020.pdf,Arm Hammer Laundry Oxi Clean Odor,,,,,,,,
ARM32-94226,32.5oz Arm Hammer Laundry Oxi Clean Stain Fighters,8,20d3b551-AB_Catalog_part001020.pdf,Arm Hammer Laundry Oxi Clean Stain,,,,,,,,
ARM33-94232,33oz Arm & Hammer Laundry Free & Clear Sensitive Skin,8,20d3b551-AB_Catalog_part001020.pdf,Arm Hammer Laundry Free Clear Sensitive,B09NMWBPTY,"Arm & Hammer Sensitive Skin Free & Clear, 107 Loads Liquid Laundry Detergent, 144.5 Fl oz",186,0,14,72.9,False,Liquid Detergent
ARM33-00259,33oz Arm & Hammer Laundry Sensitive SKin plus Fresh Scent,8,20d3b551-AB_Catalog_part001020.pdf,Arm Hammer Laundry Sensitive SKin plus,B0F7RMPWR7,ARM & HAMMER Sensitive Skin Plus Fresh Scent Liquid Laundry Detergent,2067,10000,3,95.9,True,Liquid Detergent
ARM45-30002,45.5oz Arm Hammer Laundry Oxi Clean Stain Fighters Fresh Scent,8,20d3b551-AB_Catalog_part001020.pdf,Arm Hammer Laundry Oxi Clean Stain,,,,,,,,
ARM50-50026,50 Oz Arm & Hammer Detergent Liquid Sensitive Skin Free and Clear,8,20d3b551-AB_Catalog_part001020.pdf,Oz Arm Hammer Detergent Liquid Sensitive,B09NMWBPTY,"Arm & Hammer Sensitive Skin Free & Clear, 107 Loads Liquid Laundry Detergent, 144.5 Fl oz",186,0,14,72.9,False,Liquid Detergent
ARM150-09470,150oz Arm & Hammer Liquid Detergent Clean Burst,4,20d3b551-AB_Catalog_part001020.pdf,Arm Hammer Liquid Detergent Clean Burst,B0GQHXMDGT,ARM & HAMMER Liquid Laundry Detergent,334,6000,3,91.4,True,Liquid Detergent
Fab40-02100,40Oz Fab Laundry Detergent Spring Magic,9,20d3b551-AB_Catalog_part001020.pdf,Fab Laundry Detergent Spring Magic,B07GDHNXDZ,"Fab Spring Magic Liquid Laundry Detergent, 40-oz",276096,0,57,0.0,False,Liquid Detergent
PurexL50-04788,50oz Purex Laundry Liquid Det Free Clear,4,20d3b551-AB_Catalog_part001020.pdf,Purex Laundry Liquid Det Free Clear,,,,,,,,
Home100-95470,100oz Home Made Simple Laundr Detergent Liquid Unscented,4,20d3b551-AB_Catalog_part001020.pdf,Home Made Simple Laundr Detergent Liquid,,,,,,,,
Ajax60-04106,60oz Ajax Laundry Detergent Unscented,8,20d3b551-AB_Catalog_part001020.pdf,Ajax Laundry Detergent Unscented,B07BGLWXWQ,Pure Unscented Liquid Laundry Detergent by Ajax | for Sensitive Skin | Works in All Standard & HE Washing Machines | Concentrated Laundry Soap | Hot & Cold Water | Free of Dyes & Perfumes | 60 oz,0,0,1,0.0,False,Liquid Detergent
DREFT75-75278,75oz Dreft Laundry Stage 1 Newborn,2,20d3b551-AB_Catalog_part001020.pdf,Dreft Laundry Stage Newborn,B00ZGJQG4O,"Dreft Stage Newborn Liquid Laundry Detergent, White, Baby Blossom, 40 Fl Oz",20918,50,80,72.6,False,Liquid Detergent
GNL88-09209,88oz Gain Laundry Moonlight Breeze,4,20d3b551-AB_Catalog_part001020.pdf,Gain Laundry Moonlight Breeze,B0G6JBRZ56,"Gain Plus Liquid Laundry Detergent, Cleaner, Fresher, Now with Oxi, Moonlight Breeze Scent, 99 fl oz, 75 Loads",380,20000,3,95.0,True,Liquid Detergent
GNL88-09467,88oz Gain Laundry Super Fresh Blast,4,20d3b551-AB_Catalog_part001020.pdf,Gain Laundry Super Fresh Blast,B0C35NDZH2,"Gain + Odor Defense Liquid Laundry Detergent, Super Fresh Blast Scent, 107 Loads, HE Compatible Washing Soap (Packaging May Vary)",624,20000,13,98.9,True,Liquid Detergent
GNL88-12563,88oz Gain Laundry Blissful Breeze,4,20d3b551-AB_Catalog_part001020.pdf,Gain Laundry Blissful Breeze,B07Q3981J1,"Gain flings Laundry Detergent Soap Pacs, HE Compatible, 42 Count, Long Lasting Scent, Blissful Breeze Scent",2096,0,21,72.4,False,Detergent Pacs & Tablets
TDL151-12073,151oz Tide Simply Detergent Refreshing Breeze,4,20d3b551-AB_Catalog_part001020.pdf,Tide Simply Detergent Refreshing Breeze,B0CPTG25CB,"Tide Simply All-In-One Liquid Laundry Detergent, Refreshing Breeze Scent, 128 Loads, 168 fl oz",163,10000,10,94.2,True,Liquid Detergent
TDL30-17476,30oz Tide Laundry Liquid Detergent Ultra Oxi Max,6,20d3b551-AB_Catalog_part001020.pdf,Tide Laundry Liquid Detergent Ultra Oxi,B0F38PRSDW,"Tide Ultra Oxi Boost Liquid Laundry Detergent, 117 fl oz, 83 Loads, Advanced Stain Remover, Laundry Detergent Liquid with Extra Oxi Power",393,1000,3,97.9,True,Liquid Detergent
TDL63-12260,"63oz Tide Laundry Liquid Original, Ultra Hygienic Clean",4,20d3b551-AB_Catalog_part001020.pdf,Tide Laundry Liquid Original Ultra Hygienic,B0FLMH7KMQ,"Tide Ultra Hygienic Clean Liquid Laundry Detergent, Original Scent, 132 fl oz, 94 Loads, Removes visible and invisible dirt, Laundry Detergent Liquid",5945,6000,3,97.4,True,Liquid Detergent
TDL63-17206,63oz Tide Simply Detergent Oxi Boost+Ultra Stain Release,4,20d3b551-AB_Catalog_part001020.pdf,Tide Simply Detergent Oxi Boost Ultra,B0B78BR8VB,"Tide Simply Oxi Boost + Ultra Stain Release Laundry Detergent, 10 fl oz, 6 Loads, Tough on Stains, Whitens, Brightens, Refreshing Breeze Scent",270901,0,5,97.2,False,Liquid Detergent
TDL63-17208,63oz Tide Simply Detergent Refreshing Breeze,4,20d3b551-AB_Catalog_part001020.pdf,Tide Simply Detergent Refreshing Breeze,B0CPTG25CB,"Tide Simply All-In-One Liquid Laundry Detergent, Refreshing Breeze Scent, 128 Loads, 168 fl oz",163,10000,10,94.2,True,Liquid Detergent
TDL82-99443,82.89oz Tide Laundry Liquid Clean fresh,4,20d3b551-AB_Catalog_part001020.pdf,Tide Laundry Liquid Clean fresh,B0DPGHPYP6,"Tide Simply Clean & Fresh Liquid Laundry Detergent, Berry Blossom Scent, 138 Loads, 173 fl oz",163,6000,3,87.9,True,Liquid Detergent
Tide-00763,10 Oz Tide Liquid Simply Clean Cotton,12,20d3b551-AB_Catalog_part001020.pdf,Oz Tide Liquid Simply Clean Cotton,B0CPTF4DW6,"Tide Simply Clean & Sensitive Liquid Laundry Detergent, Cool Cotton Scent, 89 Loads, 112 fl oz",39641,400,4,69.7,False,Liquid Detergent
TD5-51043,5.5oz Tide Ultra Bleach Original,14,20d3b551-AB_Catalog_part001020.pdf,Tide Ultra Bleach Original,B00BZWUK2A,"Tide Ultra Plus Bleach Original Scent Powder Laundry Detergent, 80 loads, 144 oz",234452,0,8,0.0,False,Powder Detergent
TD218-07888,218gm Tide Powder Original,20,20d3b551-AB_Catalog_part001020.pdf,218gm Tide Powder Original,,,,,,,,
TD218-07892,218gm Tide Powder Color Lemon,20,20d3b551-AB_Catalog_part001020.pdf,218gm Tide Powder Color Lemon,,,,,,,,
TD350-79929,350gm Tide Powder w/Downy,36,20d3b551-AB_Catalog_part001020.pdf,350gm Tide Powder Downy,,,,,,,,
TD690-79958,690gm Tide Powder w/Downy,18,20d3b551-AB_Catalog_part001020.pdf,690gm Tide Powder Downy,,,,,,,,
TD2-64723,2.25kg Tide Powder Bag w/Downy,5,20d3b551-AB_Catalog_part001020.pdf,Tide Powder Bag Downy,,,,,,,,
TD3-76581,3.6kg Tide Powder Bag w/ Downy,3,20d3b551-AB_Catalog_part001020.pdf,Tide Powder Bag Downy,,,,,,,,
TD5-79930,5kg Tide Powder w/Downy Downy,3,20d3b551-AB_Catalog_part001020.pdf,Tide Powder Downy Downy,B07GDMYQ8J,"Tide plus Downy Powder Laundry Detergent, April Fresh, 148 oz, 89 loads",297462,0,3,87.6,False,Powder Detergent
TD8-70709 TD8-70293,8.5kg Tide Powder 8.5kg Tide Powder Regular Bag w/Downy,2,20d3b551-AB_Catalog_part001020.pdf,Tide Powder Tide Powder Regular Bag,,,,,,,,
TD-Bucket,8.5kg Tide Powder w/Downy Bucket,1,20d3b551-AB_Catalog_part001020.pdf,Tide Powder Downy Bucket,,,,,,,,
ARP750-13882,750gm Ariel Powder w/Downy,12,20d3b551-AB_Catalog_part001020.pdf,750gm Ariel Powder Downy,,,,,,,,
ARP850-02538,850gm Ariel Powder Regular,10,20d3b551-AB_Catalog_part001020.pdf,850gm Ariel Powder Regular,,,,,,,,
ARP850-73969,850gm Ariel Laundry Powder Revita Color,10,20d3b551-AB_Catalog_part001020.pdf,850gm Ariel Laundry Powder Revita Color,,,,,,,,
ARP2-45410,2.4kg Ariel Powder Downy Passion,5,20d3b551-AB_Catalog_part001020.pdf,Ariel Powder Downy Passion,,,,,,,,
ARP3-45409,3.6kg Ariel Powder Downy Passion,3,20d3b551-AB_Catalog_part001020.pdf,Ariel Powder Downy Passion,,,,,,,,
ARP5-79950,5kg Ariel Powder Downy Passion,3,20d3b551-AB_Catalog_part001020.pdf,Ariel Powder Downy Passion,,,,,,,,
ARP8-70292,8.5kg Ariel Powder Regular,2,20d3b551-AB_Catalog_part001020.pdf,Ariel Powder Regular,B0DCSL5K4H,Ariel Professional Washing Powder Laundry Detergent Regular - 100 Wash,0,0,0,0.0,False,
Roma-40467,250gm Roma Detergent Powder,72,20d3b551-AB_Catalog_part001020.pdf,250gm Roma Detergent Powder,,,,,,,,
Roma-40464,2kg {70.54oz} Roma Powder Detergent,10,20d3b551-AB_Catalog_part001020.pdf,Roma Powder Detergent,B0GWRNWH3V,"Laundry Detergent Powder, Powder Form, for Laundry Cleaning, 11 Lbs Roma",119266,50,0,0.0,False,Powder Detergent
Roma-40463,5kg {176.36oz} Roma Powder Detergent,4,20d3b551-AB_Catalog_part001020.pdf,Roma Powder Detergent,B0GWRNWH3V,"Laundry Detergent Powder, Powder Form, for Laundry Cleaning, 11 Lbs Roma",119266,50,0,0.0,False,Powder Detergent
Foca-42755,YRDNUAL 250gm {8.81oz} Foca Detergent Powder,72,20d3b551-AB_Catalog_part001020.pdf,250gm Foca Detergent Powder,,,,,,,,
Foca-42759,500gm {17.63oz} Foca Laundry Detergent,36,20d3b551-AB_Catalog_part001020.pdf,500gm Foca Laundry Detergent,,,,,,,,
Foca-42758,1kg {35.27oz} Foca Detergent Powder,18,20d3b551-AB_Catalog_part001020.pdf,Foca Detergent Powder,B00KCOJH08,"Foca, Biodegradable Powder Laundry Detergent, Phosphate Free, 5 Kg, 11.02 lb",1090539,50,9,0.0,False,Powder Detergent
Foca-42756,5kg {176.36oz} Foca Powder,4,20d3b551-AB_Catalog_part001020.pdf,Foca Powder,B00KCOJH08,"Foca, Biodegradable Powder Laundry Detergent, Phosphate Free, 5 Kg, 11.02 lb",1090539,50,9,0.0,False,Powder Detergent
Blanca-44881,250gm {8.8oz} Blanca Nieves Detergent Powder,72,20d3b551-AB_Catalog_part001020.pdf,250gm Blanca Nieves Detergent Powder,,,,,,,,
ACE250-02530,250g Ace Powder Regular,36,20d3b551-AB_Catalog_part001020.pdf,Ace Powder Regular,,,,,,,,
TideBar-86060,250gm Tide Bar Soap Regular,48,20d3b551-AB_Catalog_part001020.pdf,250gm Tide Bar Soap Regular,,,,,,,,
AJPOD13-04702,SDOP YRDNUAL 13ct Ajax Pods Free & Clear,8,20d3b551-AB_Catalog_part001020.pdf,SDOP Ajax Pods Free Clear,,,,,,,,
TDPOD26,26ct Tide Pods 4 in 1 Ultra Oxi,8,20d3b551-AB_Catalog_part001020.pdf,Tide Pods Ultra Oxi,B0BJMX9HQ5,"Tide 4-n-1 Ultra Oxi PODS Laundry Detergent Pacs, 57 Count, HE Compatible, Built in Pre-treater for Stains",834,10000,10,97.9,True,Detergent Pacs & Tablets
DW1-Mix,1oz Downy Unstoppable {Mix 5 Kind},150,20d3b551-AB_Catalog_part001020.pdf,Downy Unstoppable,,,,,,,,
DW1-54179,LAUNDRY 1oz Downy Unstoppable Spring Loose{in Korean},300,20d3b551-AB_Catalog_part001020.pdf,LAUNDRY Downy Unstoppable Spring Loose,,,,,,,,
DW5-08780,5oz Downy Beads Unstoppales Ocean Mist,9,20d3b551-AB_Catalog_part001020.pdf,Downy Beads Unstoppales Ocean Mist,,,,,,,,
DWBDDSP-20687,Display 5oz Downy Beads Ocean Mist & Unstoppables Fresh,30,20d3b551-AB_Catalog_part001020.pdf,Display Downy Beads Ocean Mist Unstoppables,,,,,,,,
DW13-09170,13.4oz Downy Scent Booster Beads Crisp Rain Blue Eucalyptus,4,20d3b551-AB_Catalog_part001020.pdf,Downy Scent Booster Beads Crisp Rain,,,,,,,,
DW18-15602,18.2oz Downy Beads Unstoppables Paradise,4,20d3b551-AB_Catalog_part001020.pdf,Downy Beads Unstoppables Paradise,,,,,,,,
SuaSheet-98011,18ct Suavitel Dryer Sheets Morning Sun,15,20d3b551-AB_Catalog_part001020.pdf,Suavitel Dryer Sheets Morning Sun,,,,,,,,
SuaSheet-98031,18ct Suavitel Dryer Sheets Lavender,15,20d3b551-AB_Catalog_part001020.pdf,Suavitel Dryer Sheets Lavender,,,,,,,,
SuaSheet-39197,20ct Suavitel Dryer Sheets Field Flowers,15,20d3b551-AB_Catalog_part001020.pdf,Suavitel Dryer Sheets Field Flowers,,,,,,,,
BOSH15-95860,15ct Bounce Dryer Sheets,15,20d3b551-AB_Catalog_part001020.pdf,Bounce Dryer Sheets,,,,,,,,
DW12-09794,12.2oz Downy Beads Cool Cotton,4,20d3b551-AB_Catalog_part001020.pdf,Downy Beads Cool Cotton,,,,,,,,
DW19-14552,19.4oz Downy Beads Meadow Rain,4,20d3b551-AB_Catalog_part001020.pdf,Downy Beads Meadow Rain,,,,,,,,
DW19-14575,19.4oz Downy Beads Unstoppables Toasted Vanilla,4,20d3b551-AB_Catalog_part001020.pdf,Downy Beads Unstoppables Toasted Vanilla,,,,,,,,
DW9-08735,9.1oz Downy Beads Unstoppables Lush,4,20d3b551-AB_Catalog_part001020.pdf,Downy Beads Unstoppables Lush,,,,,,,,
GNF5-08848,5.7oz Gain Beads Odor Defense Super Fresh Blast,4,20d3b551-AB_Catalog_part001020.pdf,Gain Beads Odor Defense Super Fresh,,,,,,,,
GNF9-08890,9.1oz Gain Beads Super Fresh Blast,4,20d3b551-AB_Catalog_part001020.pdf,Gain Beads Super Fresh Blast,,,,,,,,
SuaSheet-98038,18ct Suavitel Dryer Sheets Waterfall Mist,15,20d3b551-AB_Catalog_part001020.pdf,Suavitel Dryer Sheets Waterfall Mist,,,,,,,,
DW360-12748,360ml Downy Aroma Floral,12,20d3b551-AB_Catalog_part001020.pdf,Downy Aroma Floral,,,,,,,,
DW730-16098,730ml Downy Amanecer,9,20d3b551-AB_Catalog_part001020.pdf,Downy Amanecer,,,,,,,,
DW730-25395,730ml Downy Floral,9,20d3b551-AB_Catalog_part001020.pdf,Downy Floral,,,,,,,,
DW750-12603,750ml Downy Black Elegance,9,20d3b551-AB_Catalog_part001020.pdf,Downy Black Elegance,,,,,,,,
DW24-23025,24oz Downy Liquid April Fresh,6,20d3b551-AB_Catalog_part001020.pdf,Downy Liquid April Fresh,,,,,,,,
DW50-00797,DIUQIL YRDNUAL 50oz Downy Fresh Lavender Dream,8,20d3b551-AB_Catalog_part001020.pdf,Downy Fresh Lavender Dream,,,,,,,,
DW50-01098,YRDNUAL 50oz Downy Fresh Sweet Summer,8,20d3b551-AB_Catalog_part001020.pdf,Downy Fresh Sweet Summer,,,,,,,,
DW2-17569,2.60L Downy Black Elegance,6,20d3b551-AB_Catalog_part001020.pdf,Downy Black Elegance,,,,,,,,
DW2-17574,2.60L Downy Tango Passion,6,20d3b551-AB_Catalog_part001020.pdf,Downy Tango Passion,,,,,,,,
DW2-17576,2.60L Downy Romance,6,20d3b551-AB_Catalog_part001020.pdf,Downy Romance,,,,,,,,
DW147-15026,147oz Downy Softener April Fresh,4,20d3b551-AB_Catalog_part001020.pdf,Downy Softener April Fresh,,,,,,,,
SUA10-01465,RENETFOS 10.5oz Suavitel Fabric Softener Shed Shield Fresh,12,e1edcc6e-AB_Catalog_part021040.pdf,RENETFOS Suavitel Fabric Softener Shed Shield,,,,,,,,
SUA10-00962,10.5oz Suavitel Fabric Softener Soothing Lavender,12,e1edcc6e-AB_Catalog_part021040.pdf,Suavitel Fabric Softener Soothing Lavender,,,,,,,,
SUA10-00952,10.5oz Suavitel Fabric Softener Waterfall Mist {Light Blue},12,e1edcc6e-AB_Catalog_part021040.pdf,Suavitel Fabric Softener Waterfall Mist,,,,,,,,
SUA13-02430,13.5oz Suavitel Fabric Softener Field Flowers {Blue},12,e1edcc6e-AB_Catalog_part021040.pdf,Suavitel Fabric Softener Field Flowers,,,,,,,,
SUA13-02439,13.5oz Suavitel Fabric Softener Lavender {Purple},12,e1edcc6e-AB_Catalog_part021040.pdf,Suavitel Fabric Softener Lavender,,,,,,,,
SUA13-02445,13.5oz Suavitel Fabric Softener Morning Sun {Yellow},12,e1edcc6e-AB_Catalog_part021040.pdf,Suavitel Fabric Softener Morning Sun,,,,,,,,
SUA13-02447,13.5oz Suavitel Fabric Softener Green Apple {Green},12,e1edcc6e-AB_Catalog_part021040.pdf,Suavitel Fabric Softener Green Apple,,,,,,,,
SUA450-05141,450ml Suavitel Fresca Primavera {Blue},12,e1edcc6e-AB_Catalog_part021040.pdf,Suavitel Fresca Primavera,,,,,,,,
SUA450-05142,450ml Suavitel Aroma De Sol {Yellow},12,e1edcc6e-AB_Catalog_part021040.pdf,Suavitel Aroma De Sol,,,,,,,,
SUA850-01630,850ml Suavitel Primavera {Blue},12,e1edcc6e-AB_Catalog_part021040.pdf,Suavitel Primavera,,,,,,,,
SUA850-01631,850ml Suavitel Aroma De Sol {Yellow},12,e1edcc6e-AB_Catalog_part021040.pdf,Suavitel Aroma De Sol,,,,,,,,
SUA850-05010,850ml Suavitel Anochecer {Purple},12,e1edcc6e-AB_Catalog_part021040.pdf,Suavitel Anochecer,,,,,,,,
SUA46-00940,46oz Suavitel Fabric Softener Morning Sun {Yellow},6,e1edcc6e-AB_Catalog_part021040.pdf,Suavitel Fabric Softener Morning Sun,,,,,,,,
SUA64-23051,64oz Suavitel Fabric Softener Field Flowers {Blue},6,e1edcc6e-AB_Catalog_part021040.pdf,Suavitel Fabric Softener Field Flowers,,,,,,,,
SUA64-71122,RENETFOS 64oz Suavitel Fabric Softener Morning Sun {Yellow},6,e1edcc6e-AB_Catalog_part021040.pdf,RENETFOS Suavitel Fabric Softener Morning Sun,,,,,,,,
SUA64-23315,64oz Suavitel Fabric Softener Green Apple {Green},6,e1edcc6e-AB_Catalog_part021040.pdf,Suavitel Fabric Softener Green Apple,,,,,,,,
SUA100-00900,100oz Suavitel Fabric Softener Soothing Lavender,4,e1edcc6e-AB_Catalog_part021040.pdf,Suavitel Fabric Softener Soothing Lavender,B0CM6HW2P6,"Suavitel, Fabric Softener, Soothing Lavender, 46 Fl Oz",144290,50,3,0.0,False,Liquid Fabric Softener
SUA101-65980,101oz Suavitel Fabric Softener Blanca {White},4,e1edcc6e-AB_Catalog_part021040.pdf,Suavitel Fabric Softener Blanca,,,,,,,,
SUA105-00894,105oz Suavitel Fabric Softener Field Flowers {Blue},4,e1edcc6e-AB_Catalog_part021040.pdf,Suavitel Fabric Softener Field Flowers,,,,,,,,
SUA105-00905,105oz Suavitel Fabric Softener Morning Sun,4,e1edcc6e-AB_Catalog_part021040.pdf,Suavitel Fabric Softener Morning Sun,,,,,,,,
Foca-90000,33.8oz Foca Fabric Softener,12,e1edcc6e-AB_Catalog_part021040.pdf,Foca Fabric Softener,,,,,,,,
FT72-01110,LAUNDRY FT72-01111 72oz Final Touch 72oz Final Touch Fabric Softener Fabric Softener Spring Fresh Lavender Fields,6,e1edcc6e-AB_Catalog_part021040.pdf,LAUNDRY FT72 Final Touch Final Touch,,,,,,,,
FT130-01107,130oz Final Touch Fabric Softener Spring Fresh,12,e1edcc6e-AB_Catalog_part021040.pdf,Final Touch Fabric Softener Spring Fresh,,,,,,,,
FBFR-02304,32oz Fab Fabric Refresher Lasting Freshness,12,e1edcc6e-AB_Catalog_part021040.pdf,Fab Fabric Refresher Lasting Freshness,,,,,,,,
DW16-14182,RENETFOS 16oz Downy Purifying Rinse Cool Cotton,12,e1edcc6e-AB_Catalog_part021040.pdf,RENETFOS Downy Purifying Rinse Cool Cotton,,,,,,,,
DW360-25402,360ml Downy Exotic,12,e1edcc6e-AB_Catalog_part021040.pdf,Downy Exotic,,,,,,,,
